row_id,sender,time,amount,card_tail,balance,text
24813,10691617995558,2025-09-11T09:30:53.745577+08:00,9.0,,,【中信银行】尊敬的客户，诚邀您参加中信银行厦门分行举办的“个人境外收入税务风险及企业税务风险防范与应对”沙龙活动，时间：9月12日14:30，地址：中信银行厦门分行私人银行中心。详询95558或您的专属客户经理宋博13806050533。拒收请回复R
24788,106867545102926,2025-09-11T17:35:50.044391+08:00,,,,【厦门医学院附属口腔医院】温馨提醒，尊敬的郑*群，您好！厦门市公立医疗机构门诊预交金正在进行全面清退，您在我院办理的临时就诊卡仍有余额，请关注我院微信服务号线上申请退款或携带就诊卡、身份证等有效证件前往我院任一院区（蔡塘、斗西、集美）收费窗口办理退款。如您已使用或已退款，请忽略此短信。
24710,10086,2025-09-12T08:16:51.633321+08:00,100.0,,9.0,【充值提醒】尊敬的全球通客户，您可以通过中国移动手机营业厅 https://dx.10086.cn/A/9BReDw 随时随地查询话费余额。您于09月12日08时16分缴费成功100.00元，当前账户总余额为37.97元，其中通用余额为37.97元，截至当前欠费0.00元，如遇月初下账期，余额变动较快，您也可拨打1008611进行余额查询。若您交清费用后仍无法上网或接打电话，请关开机后再使用。心级服务，期待您的10分满意！【中国移动】
24794,10686262900013100129,2025-09-12T11:49:47.032773+08:00,9.0,,,【随星借】系统将于9月15日自动还款5272.32元，请确保工商银行(2606)余额充足，感谢您的支持。
24696,10686262900013100129,2025-09-14T11:49:38.099914+08:00,9.0,,,【随星借】系统将于9月15日自动还款5275.92元，请确保工商银行(2606)余额充足，感谢您的支持。
24719,1069287307540,2025-09-15T06:22:06.570654+08:00,202.0,,49.83,【腾讯云】尊敬的腾讯云用户，截至2025-09-15 06:22:00，您的账号（创建者账号ID：285*****，昵称：卡若）余额为49.83元，低于您设置的余额预警阈值。账户欠费后，您名下的按量计费资源将停止服务，请您及时充值或注意备份数据，以免影响云资源的正常使用。您可点击：https://mc.tencent.com/u2LKtQTd 进行充值。
24841,9555801,2025-09-15T13:01:03.821588+08:00,202.0,,,【中信银行】尊敬的客户您好！贵单位*归喜数字*2025年08月（电子/纸质）账单已生成，请及时回签，如遇操作问题，请联系开户行咨询。如已回签，请忽略此条短信。
24843,1069287307540,2025-09-16T09:45:16.488242+08:00,285.0,,1.0,"【腾讯云】尊敬的用户，您的账号（账号ID：285*****，昵称：卡若） 设置为自动续费的资源，由于账户余额不足无法进行自动续费：
[即将到期]1个资源将在7天内到期：云服务器CVM（1），请保证余额充足，届时腾讯云将为您自动续费；
截止北京时间2025 - 09 - 16 09:22:12，当前账户余额37.67元，建议充值329.13元，余额充足时，将为您自动续费，充值请前往 https://mc.tencent.com/YdFAA8uN 
。
未设置自动续费的资源中：
[即将停服]1个资源将在1天内停服：云服务器CVM（1），停服后资源无法继续使用；
续费请前往 https://mc.tencent.com/1V4z2KCj，如您已续费，请忽略该通知。 详情请查看站内信。"
24807,1069287307540,2025-09-16T10:03:31.012739+08:00,202.0,,37.57,【腾讯云】尊敬的腾讯云用户，截至2025-09-16 10:03:25，您的账号（创建者账号ID：285*****，昵称：卡若）余额为37.57元，低于您设置的余额预警阈值。账户欠费后，您名下的按量计费资源将停止服务，请您及时充值或注意备份数据，以免影响云资源的正常使用。您可点击：https://mc.tencent.com/u2LKtQTd 进行充值。
24762,1069287307540,2025-09-17T10:04:34.824579+08:00,202.0,,29.3,【腾讯云】尊敬的腾讯云用户，截至2025-09-17 10:04:29，您的账号（创建者账号ID：285*****，昵称：卡若）余额为29.30元，低于您设置的余额预警阈值。账户欠费后，您名下的按量计费资源将停止服务，请您及时充值或注意备份数据，以免影响云资源的正常使用。您可点击：https://mc.tencent.com/u2LKtQTd 进行充值。
24792,1069287307540,2025-09-17T11:35:46.618854+08:00,285.0,,1.0,"【腾讯云】尊敬的用户，您的账号（账号ID：285*****，昵称：卡若） 设置为自动续费的资源，由于账户余额不足无法进行自动续费：
[即将到期]1个资源将在7天内到期：云服务器CVM（1），请保证余额充足，届时腾讯云将为您自动续费；
截止北京时间2025 - 09 - 17 11:00:25，当前账户余额28.97元，建议充值337.83元，余额充足时，将为您自动续费，充值请前往 https://mc.tencent.com/YdFAA8uN 
，如您已续费，请忽略该通知。
未设置自动续费的资源中：
[即将释放]1个资源已停服：云服务器CVM（1），资源即将释放，释放前可在回收站找回资源，资源释放后数据无法找回； 详情请查看站内信。"
24758,1069287307540,2025-09-18T10:05:14.097207+08:00,202.0,,20.84,【腾讯云】尊敬的腾讯云用户，截至2025-09-18 10:05:08，您的账号（创建者账号ID：285*****，昵称：卡若）余额为20.84元，低于您设置的余额预警阈值。账户欠费后，您名下的按量计费资源将停止服务，请您及时充值或注意备份数据，以免影响云资源的正常使用。您可点击：https://mc.tencent.com/u2LKtQTd 进行充值。
24730,9555801,2025-09-18T19:04:34.521441+08:00,40.0,0405,64.54,【中信银行】贵公司尾号0405的中信账号于09月18日19:04，二代支付支出人民币99.00元，当前余额为人民币64.54元，对方户名：吉咪宇，对方账户尾号：4354。
24742,1069287307540,2025-09-19T10:05:33.165855+08:00,202.0,,5.6,【腾讯云】尊敬的腾讯云用户，截至2025-09-19 10:05:22，您的账号（创建者账号ID：285*****，昵称：卡若）余额为5.60元，低于您设置的余额预警阈值。账户欠费后，您名下的按量计费资源将停止服务，请您及时充值或注意备份数据，以免影响云资源的正常使用。您可点击：https://mc.tencent.com/u2LKtQTd 进行充值。
24743,10086,2025-09-19T15:19:51.935360+08:00,158.0,2661,,"【话费账单】尊敬的全球通金卡(158****2661)客户，您08月01日-08月31日共消费131.20元。
主要消费项目包括：
-套餐及固定费128.00元；
-套餐外短彩信费0.20元；
-增值业务费3.00元。
查询费用详情，请点击 https://10086.cn/d/iumiYn ，账单页面访问免流量，更多信息可详询10086。【中国移动】"
24801,1069287307540,2025-09-20T09:45:08.859491+08:00,285.0,,33.34,"【腾讯云】尊敬的用户，您（账号ID：285*****，昵称：卡若）的自动续费资源：云服务器CVM（资源ID:ins-ciyv2mxa, 外网IP:42_194_245_239, 内网IP:10_0_1_13, 实例名称:存客宝）将于2025-09-23 10:37:15到期，仅剩3天。资源到期后将在1天后停止服务，逾期仍未续费资源将会被释放，释放后数据不可恢复。当前账户余额33.34元，请保证账户余额充足，以便腾讯云为您的资源进行续费。详情请见邮件和站内信。"
24701,95588,2025-09-20T17:57:24.442923+08:00,404.0,,,"您正在申请激活工商银行手机借记卡（Apple Pay产品），短信验证码：404644,请在收到此信息后5分钟内激活卡片。激活后的Apple Pay产品消费将记入尾号为2606的借记卡。【工商银行】"
24729,10686964614005060059,2025-09-21T05:37:58.607843+08:00,953.0,9532,31.75,【网商银行】泉州市卡若网络技术有限公司，尾号9532账户05:37转入0.08，余额31.75。
24693,1069287307540,2025-09-22T09:45:27.485244+08:00,285.0,,14.97,"【腾讯云】尊敬的用户，您（账号ID：285*****，昵称：卡若）的自动续费资源：云服务器CVM（资源ID:ins-ciyv2mxa, 外网IP:42_194_245_239, 内网IP:10_0_1_13, 实例名称:存客宝）将于2025-09-23 10:37:15到期，仅剩1天。资源到期后将在1天后停止服务，逾期仍未续费资源将会被释放，释放后数据不可恢复。当前账户余额14.97元，请保证账户余额充足，以便腾讯云为您的资源进行续费。详情请见邮件和站内信。"
24773,9555801,2025-09-24T11:08:54.498341+08:00,40.0,0405,64.91,【中信银行】贵公司尾号0405的中信账号于09月24日11:08，行外转账转入存入人民币0.06元，当前余额为人民币64.91元，对方户名：上海汇付支付备付金，对方账户尾号：0099。
24871,10687284070000458630,2025-09-24T14:00:46.202394+08:00,3.0,,,【阿里云】尊敬的hi3*3，截至2025-09-24 14:00:31，您的剩余可用额度为0.17元。根据您以往消费情况预测，剩余可用额度可能不足以支撑您未来15天的消费，为了避免欠费导致产品停止服务，请您及时充值。您可以登录阿里云官网查询账户可用额度信息和延停权益。
24827,10687284070000458630,2025-09-24T17:56:16.086130+08:00,3.0,,,【阿里云】尊敬的hi3*3，截至2025-09-24 17:56:01，您的剩余可用额度为0.13元。根据您以往消费情况预测，剩余可用额度可能不足以支撑您未来7天的消费，为了避免欠费导致产品停止服务，请您及时充值。您可以登录阿里云官网查询账户可用额度信息和延停权益。
24744,106936556101919,2025-09-24T18:40:07.600121+08:00,,,,【厦门医学院附属口腔医院】温馨提醒，尊敬的郑*群，您好！厦门市公立医疗机构门诊预交金正在进行全面清退，您在我院办理的临时就诊卡仍有余额，请关注我院微信服务号线上申请退款或携带就诊卡、身份证等有效证件前往我院任一院区（蔡塘、斗西、集美）收费窗口办理退款。如您已使用或已退款，请忽略此短信。
24829,9555801,2025-09-25T10:01:18.730142+08:00,202.0,,,【中信银行】尊敬的客户您好！贵单位*归喜数字*2025年08月（电子/纸质）账单已生成，请及时回签，如遇操作问题，请联系开户行咨询。如已回签，请忽略此条短信。
24849,9555801,2025-09-25T11:08:50.652613+08:00,40.0,0405,64.95,【中信银行】贵公司尾号0405的中信账号于09月25日11:08，行外转账转入存入人民币0.04元，当前余额为人民币64.95元，对方户名：上海汇付支付备付金，对方账户尾号：0099。
24810,106939195568,2025-09-25T15:26:48.089537+08:00,9.0,,,【民生银行】您人民币/美元账户信用卡09月账单：人民币应还-2500.00元、最低还款0.00元，本期账单无需还款。本账期无新增交易，您可下载全民生活APP搜“额度管理”查额度。详询客服
24736,10086,2025-09-25T18:16:45.364516+08:00,202.0,,,【积分更名提醒】尊敬的客户，您好！中国移动自2025年9月26日起，原“积分”正式更名为“AI豆”，更名后账户余额以及发放、使用规则保持不变。我们将一如既往为您提供优质服务。感谢您的支持！【中国移动】
24923,9555801,2025-09-30T16:42:32.761306+08:00,40.0,0405,700.0,【中信银行】贵公司尾号0405的中信账号于09月30日16:42，跨行转入存入人民币70000.00元，当前余额为人民币70064.95元，对方户名：叶倩如，对方账户尾号：4879。
24921,9555801,2025-09-30T16:43:47.774005+08:00,40.0,0405,671.0,【中信银行】贵公司尾号0405的中信账号于09月30日16:43，TIPS转账支出人民币2872.52元，当前余额为人民币67192.43元，对方户名：待报解预算收入-TIPS缴税（国地税）专用账户，对方账户尾号：1001。
24902,9555801,2025-09-30T19:17:53.027061+08:00,40.0,0405,606.0,【中信银行】贵公司尾号0405的中信账号于09月30日19:17，二代支付支出人民币6500.00元，当前余额为人民币60692.43元，对方户名：陈家杰，对方账户尾号：7131。
24889,9555801,2025-09-30T19:19:55.998180+08:00,40.0,0405,550.0,【中信银行】贵公司尾号0405的中信账号于09月30日19:19，二代支付支出人民币5600.00元，当前余额为人民币55092.43元，对方户名：陈诗婧，对方账户尾号：7417。
24868,9555801,2025-09-30T19:25:19.026262+08:00,40.0,0405,475.0,【中信银行】贵公司尾号0405的中信账号于09月30日19:25，二代支付支出人民币7563.74元，当前余额为人民币47528.69元，对方户名：王名正，对方账户尾号：1514。
24873,9555801,2025-09-30T19:27:51.101009+08:00,40.0,0405,345.0,【中信银行】贵公司尾号0405的中信账号于09月30日19:27，二代支付支出人民币13000.00元，当前余额为人民币34528.69元，对方户名：厦门好帖云科技有限公司，对方账户尾号：0101。
24890,9555801,2025-09-30T19:32:52.602122+08:00,40.0,0405,323.0,【中信银行】贵公司尾号0405的中信账号于09月30日19:32，二代支付支出人民币2184.26元，当前余额为人民币32344.43元，对方户名：厦门市万科物业服务有限公司鑫塔水尚物业服务中心，对方账户尾号：0401。
24857,9555801,2025-09-30T19:36:27.739902+08:00,40.0,0405,313.0,【中信银行】贵公司尾号0405的中信账号于09月30日19:36，二代支付支出人民币1000.00元，当前余额为人民币31344.43元，对方户名：肖启全，对方账户尾号：9375。
24910,9555801,2025-09-30T19:37:24.999472+08:00,40.0,0405,293.0,【中信银行】贵公司尾号0405的中信账号于09月30日19:37，二代支付支出人民币2000.00元，当前余额为人民币29344.43元，对方户名：苏亚川，对方账户尾号：4908。
24878,9555801,2025-09-30T19:38:00.315086+08:00,40.0,0405,273.0,【中信银行】贵公司尾号0405的中信账号于09月30日19:37，二代支付支出人民币2000.00元，当前余额为人民币27344.43元，对方户名：谢佳蓉，对方账户尾号：6742。
24894,9555801,2025-09-30T19:40:21.944213+08:00,40.0,0405,269.0,【中信银行】贵公司尾号0405的中信账号于09月30日19:40，二代支付支出人民币400.00元，当前余额为人民币26944.43元，对方户名：上海江桅科技有限公司，对方账户尾号：5126。
24911,9555801,2025-09-30T19:46:53.145875+08:00,40.0,0405,119.0,【中信银行】贵公司尾号0405的中信账号于09月30日19:46，二代支付支出人民币15000.00元，当前余额为人民币11944.43元，对方户名：吉咪宇，对方账户尾号：4354。
24854,9555801,2025-10-01T08:32:06.117224+08:00,40.0,0405,118.0,【中信银行】贵公司尾号0405的中信账号于10月01日02:15，银行收费（人民币转账-普通转账）支出人民币54.00元，当前余额为人民币11890.43元。
24909,9555801,2025-10-01T11:04:19.030171+08:00,40.0,0405,118.0,【中信银行】贵公司尾号0405的中信账号于10月01日11:04，行外转账转入存入人民币0.03元，当前余额为人民币11890.46元，对方户名：上海汇付支付备付金，对方账户尾号：0099。
24863,10692366030920,2025-10-03T10:38:02.667754+08:00,285.0,,,"【腾讯云】尊敬的用户（账号ID：285*****，昵称：卡若 ），您好！ 您在腾讯云 2025-09 月度消费的总金额为1,093.03元=现金支付1,093.03元+赠送金支付0.00元+优惠券支付0.00元。注：此通知并非扣费或欠费通知，只作为告知您每个月的消费情况。您可前往微信小程序-腾讯云助手：https://mc.tencent.com/X6KAHlGN ,查看消费详情。"
24872,9555801,2025-10-10T09:23:23.419208+08:00,40.0,0405,889.0,【中信银行】贵公司尾号0405的中信账号于10月10日09:23，二代支付支出人民币3000.00元，当前余额为人民币8890.46元，对方户名：吉咪宇，对方账户尾号：4354。
24950,106835195558,2025-10-10T14:31:11.061529+08:00,202.0,,,【中信银行】尊敬的客户，英国如意签中信银行厦门分行专场将于2025年11月8日（周六）举办，诚邀您来，免去您往返福州的舟车劳顿，地址：中信银行厦门分行私人银行中心。详询出国金融中心05922385026或我行统一客服电话95558，拒收请回复R
24954,106817412025121,2025-10-10T18:19:51.735031+08:00,202.0,,,【阔知网络】尊敬的客户您好，您的2025年09月教育云账单已经生成，请登录到教育云后台查看账单。若账户余额不足需补缴，请勿错过补缴期限，以免影响您网校教育云服务的正常使用
24964,10086,2025-10-12T11:17:58.613110+08:00,100.0,,10.0,【充值提醒】尊敬的全球通客户，您可以通过中国移动手机营业厅 https://dx.10086.cn/A/9BReDw 随时随地查询话费余额。您于10月12日11时17分缴费成功100.00元，当前账户总余额为0.00元，其中通用余额为0.00元，截至当前欠费3.03元，如遇月初下账期，余额变动较快，您也可拨打1008611进行余额查询。若您交清费用后仍无法上网或接打电话，请关开机后再使用。心级服务，期待您的10分满意！【中国移动】
24971,10086,2025-10-12T11:18:53.153538+08:00,100.0,,10.0,【充值提醒】尊敬的全球通客户，您可以通过中国移动手机营业厅 https://dx.10086.cn/A/9BReDw 随时随地查询话费余额。您于10月12日11时18分缴费成功50.00元，当前账户总余额为46.97元，其中通用余额为46.97元，截至当前欠费0.00元，如遇月初下账期，余额变动较快，您也可拨打1008611进行余额查询。若您交清费用后仍无法上网或接打电话，请关开机后再使用。心级服务，期待您的10分满意！【中国移动】
24967,9555801,2025-10-12T13:06:05.230521+08:00,40.0,0405,600.0,【中信银行】贵公司尾号0405的中信账号于10月12日13:06，二代支付支出人民币2890.00元，当前余额为人民币6000.46元，对方户名：吉咪宇，对方账户尾号：4354。
24982,9555801,2025-10-13T22:03:05.556679+08:00,40.0,0405,100.46,【中信银行】贵公司尾号0405的中信账号于10月13日22:03，二代支付支出人民币5900.00元，当前余额为人民币100.46元，对方户名：吉咪宇，对方账户尾号：4354。
25024,10086,2025-10-14T15:38:49.434760+08:00,158.0,2661,,"【话费账单】尊敬的全球通金卡(158****2661)客户，您09月01日-09月30日共消费138.89元。
主要消费项目包括：
-套餐及固定费128.00元；
-增值业务费3.00元；
-其他费用7.89元。
查询费用详情，请点击 https://10086.cn/d/iumiYn ，账单页面访问免流量，更多信息可详询10086。【中国移动】"
24999,9555801,2025-10-14T15:57:57.838673+08:00,40.0,0405,200.0,【中信银行】贵公司尾号0405的中信账号于10月14日15:57，跨行转入存入人民币200000.00元，当前余额为人民币200100.46元，对方户名：林鹏程，对方账户尾号：9318。
25033,9555801,2025-10-14T17:13:45.884863+08:00,40.0,0405,173.0,【中信银行】贵公司尾号0405的中信账号于10月14日17:13，二代支付支出人民币27000.00元，当前余额为人民币173100.46元，对方户名：苏培玉，对方账户尾号：1517。
24995,9555801,2025-10-14T17:24:49.720839+08:00,40.0,0405,169.0,【中信银行】贵公司尾号0405的中信账号于10月14日17:16，二代支付支出人民币3600.00元，当前余额为人民币169500.46元，对方户名：厦门浅端房地产有限公司，对方账户尾号：5395。
25014,9555801,2025-10-14T17:26:30.134808+08:00,40.0,0405,149.0,【中信银行】贵公司尾号0405的中信账号于10月14日17:26，二代支付支出人民币20000.00元，当前余额为人民币149500.46元，对方户名：叶倩如，对方账户尾号：4879。
25035,9555801,2025-10-14T17:39:24.541364+08:00,40.0,0405,136.0,【中信银行】贵公司尾号0405的中信账号于10月14日17:39，二代支付支出人民币13000.00元，当前余额为人民币136500.46元，对方户名：陈家杰，对方账户尾号：7131。
24992,9555801,2025-10-14T17:41:26.088751+08:00,40.0,0405,132.0,【中信银行】贵公司尾号0405的中信账号于10月14日17:41，二代支付支出人民币4000.00元，当前余额为人民币132500.46元，对方户名：苏亚川，对方账户尾号：4908。
25027,9555801,2025-10-14T17:43:04.055613+08:00,40.0,0405,126.0,【中信银行】贵公司尾号0405的中信账号于10月14日17:43，二代支付支出人民币6000.00元，当前余额为人民币126500.46元，对方户名：谢佳蓉，对方账户尾号：6742。
25005,9555801,2025-10-14T17:48:40.295839+08:00,40.0,0405,121.0,【中信银行】贵公司尾号0405的中信账号于10月14日17:48，二代支付支出人民币5400.00元，当前余额为人民币121100.46元，对方户名：叶正全，对方账户尾号：9168。
25034,9555801,2025-10-14T17:56:13.349097+08:00,40.0,0405,101.0,【中信银行】贵公司尾号0405的中信账号于10月14日17:56，二代支付支出人民币20000.00元，当前余额为人民币101100.46元，对方户名：吉咪宇，对方账户尾号：4354。
25004,106907995558,2025-10-14T18:20:31.399051+08:00,40.0,,,【中信银行】尊敬的客户您好，感谢您选择中信银行服务。我行依法维护公民和组织的合法权益，防范银行账户被用于电信网络诈骗等违法活动。现监测到您尾号为0405的单位银行账户存在异常，已对该账户进行支付管控。烦请您携带单位有关证照、本人有效身份证件和近期交易的有关背景资料至我行营业网点办理进一步核实。给您带来的不便，敬请谅解！
24997,9555801,2025-10-15T09:01:32.172932+08:00,2.0,,,【中信银行】尊敬的客户您好！贵单位*归喜数字*已经超过2个月未进行账务核对。超期未对账，极易埋下风险隐患。为保证贵单位资金安全，请按照银企对账服务协议，及时核对账务、回签账单。如有操作问题，请联系开户行咨询。
25001,9555801,2025-10-15T13:01:23.160127+08:00,202.0,,,【中信银行】尊敬的客户您好！贵单位*归喜数字*2025年09月（电子/纸质）账单已生成，请及时回签，如遇操作问题，请联系开户行咨询。如已回签，请忽略此条短信。
25032,9555801,2025-10-15T20:03:46.784708+08:00,40.0,0405,563.0,【中信银行】贵公司尾号0405的中信账号于10月15日20:03，二代支付支出人民币44800.00元，当前余额为人民币56300.46元，对方户名：尚辉辉，对方账户尾号：9048。
24990,9555801,2025-10-15T20:22:34.585417+08:00,40.0,0405,523.0,【中信银行】贵公司尾号0405的中信账号于10月15日20:22，二代支付支出人民币4000.00元，当前余额为人民币52300.46元，对方户名：王一硕，对方账户尾号：3075。
25013,9555801,2025-10-15T20:26:27.701550+08:00,40.0,0405,503.0,【中信银行】贵公司尾号0405的中信账号于10月15日20:26，二代支付支出人民币2000.00元，当前余额为人民币50300.46元，对方户名：李冰，对方账户尾号：6876。
24998,9555801,2025-10-15T20:35:18.776379+08:00,40.0,0405,473.0,【中信银行】贵公司尾号0405的中信账号于10月15日20:35，二代支付支出人民币2901.00元，当前余额为人民币47399.46元，对方户名：王家垒，对方账户尾号：8377。
25012,9555801,2025-10-15T20:40:52.091877+08:00,40.0,0405,425.0,【中信银行】贵公司尾号0405的中信账号于10月15日20:40，二代支付支出人民币4800.00元，当前余额为人民币42599.46元，对方户名：陈诗婧，对方账户尾号：7417。
24994,9555801,2025-10-15T20:46:00.722359+08:00,40.0,0405,320.0,【中信银行】贵公司尾号0405的中信账号于10月15日20:45，二代支付支出人民币10520.00元，当前余额为人民币32079.46元，对方户名：厦门好帖云科技有限公司，对方账户尾号：0101。
24996,9555801,2025-10-15T20:50:52.750901+08:00,40.0,0405,238.0,【中信银行】贵公司尾号0405的中信账号于10月15日20:50，二代支付支出人民币8207.68元，当前余额为人民币23871.78元，对方户名：王名正，对方账户尾号：1514。
24987,9555801,2025-10-15T22:43:17.915706+08:00,40.0,0405,227.0,【中信银行】贵公司尾号0405的中信账号于10月15日22:43，二代支付支出人民币1129.40元，当前余额为人民币22742.38元，对方户名：肖启全，对方账户尾号：9375。
25036,9555801,2025-10-16T20:22:24.054978+08:00,40.0,0405,222.0,【中信银行】贵公司尾号0405的中信账号于10月16日20:22，跨行转入存入人民币200000.00元，当前余额为人民币222742.38元，对方户名：厦门天职众成科技有限公司，对方账户尾号：4345。
25040,9555801,2025-10-16T20:48:07.689132+08:00,40.0,0405,202.0,【中信银行】贵公司尾号0405的中信账号于10月16日20:48，二代支付支出人民币20000.00元，当前余额为人民币202742.38元，对方户名：叶倩如，对方账户尾号：4879。
25060,9555801,2025-10-19T18:16:05.045498+08:00,40.0,0405,192.0,【中信银行】贵公司尾号0405的中信账号于10月19日18:16，二代支付支出人民币10000.00元，当前余额为人民币192742.38元，对方户名：泉州市卡若网络技术有限公司，对方账户尾号：9532。
25069,9555801,2025-10-19T18:25:41.175160+08:00,40.0,0405,202.0,【中信银行】贵公司尾号0405的中信账号于10月19日18:25，二代支付存入人民币10000.00元，当前余额为人民币202742.38元，对方户名：泉州市卡若网络技术有限公司，对方账户尾号：9532。
25084,9555801,2025-10-20T09:53:00.203442+08:00,40.0,0405,196.0,【中信银行】贵公司尾号0405的中信账号于10月20日09:52，二代支付支出人民币6200.00元，当前余额为人民币196542.38元，对方户名：彭小兰，对方账户尾号：1192。
25081,1068812605931,2025-10-21T08:57:04.684007+08:00,202.0,,,【杭银金融】您于2025-10-21收到备用款邀请，微信或支付宝搜“杭银消费金融”或点 t.51xf.cn/s/ahUF 申请。拒收请回复R
25071,9555801,2025-10-21T09:32:41.067519+08:00,40.0,0405,194.0,【中信银行】贵公司尾号0405的中信账号于10月21日09:32，二代支付支出人民币2000.00元，当前余额为人民币194542.38元，对方户名：陈雪蓉，对方账户尾号：4404。
25095,9555801,2025-10-21T09:35:12.181020+08:00,40.0,0405,194.0,【中信银行】贵公司尾号0405的中信账号于10月21日09:35，二代支付支出人民币500.00元，当前余额为人民币194042.38元，对方户名：方滢铭，对方账户尾号：0257。
25066,9555801,2025-10-21T09:35:41.515118+08:00,40.0,0405,193.0,【中信银行】贵公司尾号0405的中信账号于10月21日09:35，二代支付支出人民币500.00元，当前余额为人民币193542.38元，对方户名：林韧乔，对方账户尾号：3077。
25062,9555801,2025-10-21T18:32:21.001199+08:00,40.0,0405,171.0,【中信银行】贵公司尾号0405的中信账号于10月21日18:32，二代支付支出人民币22000.00元，当前余额为人民币171542.38元，对方户名：郭福眼，对方账户尾号：4421。
25092,9555801,2025-10-21T18:37:23.842105+08:00,40.0,0405,171.0,【中信银行】贵公司尾号0405的中信账号于10月21日18:37，二代支付支出人民币500.00元，当前余额为人民币171042.38元，对方户名：宋晴晴，对方账户尾号：2244。
25065,95568,2025-10-22T08:00:40.741188+08:00,153.0,1538,,【民生银行】尊敬的客户：您尾号1538的对公账户已连续12个月无交易，根据监管政策要求，该账户已转为久悬户，如贵单位仍需继续使用该账户，请咨询开户网点办理久悬户转正常手续。
25061,9555801,2025-10-22T08:55:39.658390+08:00,40.0,0405,170.0,【中信银行】贵公司尾号0405的中信账号于10月22日08:55，二代支付支出人民币100.00元，当前余额为人民币170942.38元，对方户名：厦门市思明区佳乐多便利店，对方账户尾号：4312。
25097,9555801,2025-10-22T22:31:22.514717+08:00,40.0,0405,169.0,【中信银行】贵公司尾号0405的中信账号于10月22日22:31，二代支付支出人民币1500.00元，当前余额为人民币169442.38元，对方户名：陈亚敏，对方账户尾号：0510。
25100,9555801,2025-10-22T22:34:08.242550+08:00,40.0,0405,167.0,【中信银行】贵公司尾号0405的中信账号于10月22日22:34，二代支付支出人民币2000.00元，当前余额为人民币167442.38元，对方户名：张冬冬，对方账户尾号：3776。
25110,9555801,2025-10-23T10:35:32.029959+08:00,40.0,0405,166.0,【中信银行】贵公司尾号0405的中信账号于10月23日10:35，二代支付支出人民币487.00元，当前余额为人民币166955.38元，对方户名：厦门市思明区人民法院，对方账户尾号：4381。
25105,9555801,2025-10-23T20:35:15.422429+08:00,40.0,0405,163.0,【中信银行】贵公司尾号0405的中信账号于10月23日20:35，二代支付支出人民币3857.00元，当前余额为人民币163098.38元，对方户名：陈家杰，对方账户尾号：1337。
25118,9555801,2025-10-25T09:01:37.910263+08:00,2.0,,,【中信银行】尊敬的客户您好！贵单位*归喜数字*已经超过2个月未进行账务核对。超期未对账，极易埋下风险隐患。为保证贵单位资金安全，请按照银企对账服务协议，及时核对账务、回签账单。如有操作问题，请联系开户行咨询。
25122,9555801,2025-10-25T10:01:41.480388+08:00,202.0,,,【中信银行】尊敬的客户您好！贵单位*归喜数字*2025年09月（电子/纸质）账单已生成，请及时回签，如遇操作问题，请联系开户行咨询。如已回签，请忽略此条短信。
25121,9555801,2025-10-25T10:12:12.215026+08:00,40.0,0405,162.0,【中信银行】贵公司尾号0405的中信账号于10月25日10:12，二代支付支出人民币600.00元，当前余额为人民币162498.38元，对方户名：曹文楚，对方账户尾号：5975。
25119,1069066195568,2025-10-25T13:54:05.821998+08:00,10.0,,,【民生银行】您人民币/美元账户信用卡10月账单：人民币应还-2500.00元、最低还款0.00元，本期账单无需还款。本账期无新增交易，您可下载全民生活APP搜“额度管理”查额度。详询客服
25143,9555801,2025-10-26T15:18:18.050321+08:00,40.0,0405,159.0,【中信银行】贵公司尾号0405的中信账号于10月26日15:18，二代支付支出人民币2931.02元，当前余额为人民币159567.36元，对方户名：吉咪宇，对方账户尾号：4354。
25137,9555801,2025-10-27T09:26:01.509201+08:00,40.0,0405,139.0,【中信银行】贵公司尾号0405的中信账号于10月27日09:25，二代支付支出人民币20000.00元，当前余额为人民币139567.36元，对方户名：厦门存客宝科技有限公司，对方账户尾号：2292。
25128,9555801,2025-10-27T13:46:07.941245+08:00,40.0,0405,136.0,【中信银行】贵公司尾号0405的中信账号于10月27日13:46，TIPS转账支出人民币2872.52元，当前余额为人民币136694.84元，对方户名：待报解预算收入-TIPS缴税（国地税）专用账户，对方账户尾号：1001。
25124,9555801,2025-10-27T13:46:40.096415+08:00,40.0,0405,135.0,【中信银行】贵公司尾号0405的中信账号于10月27日13:46，TIPS转账支出人民币1436.26元，当前余额为人民币135258.58元，对方户名：待报解预算收入-TIPS缴税（国地税）专用账户，对方账户尾号：1001。
25144,9555801,2025-10-27T16:40:55.276904+08:00,40.0,0405,132.0,【中信银行】贵公司尾号0405的中信账号于10月27日16:40，二代支付支出人民币2520.00元，当前余额为人民币132738.58元，对方户名：厦门铸远税务师事务所有限公司，对方账户尾号：8248。
25129,9555801,2025-10-27T16:42:42.482165+08:00,40.0,0405,107.0,【中信银行】贵公司尾号0405的中信账号于10月27日16:42，二代支付支出人民币25000.00元，当前余额为人民币107738.58元，对方户名：厦门存客宝科技有限公司，对方账户尾号：2292。
25161,10694013299664,2025-10-28T09:42:49.638284+08:00,202.0,,,【杭银金融】您于2025-10-28收到备用款邀请，微信或支付宝搜“杭银消费金融”或点 t.51xf.cn/s/ahUF 申请。拒收请回复R
25162,106853851000856678,2025-10-29T10:47:35.578013+08:00,398.0,,,"【建设银行】您好，我行授予您398000元，于11月5日停办，可用于日常消费，房屋装修，生意应急
回1查利息
回2确认金额
拒收请回复R"
25170,9555801,2025-10-30T16:36:45.315795+08:00,40.0,0405,106.0,【中信银行】贵公司尾号0405的中信账号于10月30日16:36，TIPS转账支出人民币1436.26元，当前余额为人民币106302.32元，对方户名：待报解预算收入-TIPS缴税（国地税）专用账户，对方账户尾号：1001。
25178,9555801,2025-11-01T08:31:20.387216+08:00,40.0,0405,106.0,【中信银行】贵公司尾号0405的中信账号于11月01日02:13，银行收费（人民币转账-普通转账）支出人民币169.20元，当前余额为人民币106133.12元。
25181,9555801,2025-11-01T09:59:13.349279+08:00,40.0,0405,961.0,【中信银行】贵公司尾号0405的中信账号于11月01日09:59，二代支付支出人民币10000.00元，当前余额为人民币96133.12元，对方户名：吉咪宇，对方账户尾号：4354。
25209,9555801,2025-11-03T09:01:23.062789+08:00,,,,【中信银行】尊敬的客户您好！根据《企业银行结算账户管理办法》等相关监管规定及我行与贵单位签订的协议，贵单位*归喜数字*开立在我行的账户将于近期因连续三个月未对账被限制使用。请您尽快完成银企对账。如有操作问题，请联系开户行咨询。如已回签，请忽略此条短信。
25198,9555801,2025-11-03T09:50:19.776818+08:00,40.0,0405,816.0,【中信银行】贵公司尾号0405的中信账号于11月03日09:50，二代支付支出人民币14500.00元，当前余额为人民币81633.12元，对方户名：上海江桅科技有限公司，对方账户尾号：5126。
25208,1069287307550,2025-11-03T10:40:08.873506+08:00,285.0,,,"【腾讯云】尊敬的用户（账号ID：285*****，昵称：卡若 ），您好！ 您在腾讯云 2025-10 月度消费的总金额为3,655.39元=现金支付3,655.39元+赠送金支付0.00元+优惠券支付0.00元。注：此通知并非扣费或欠费通知，只作为告知您每个月的消费情况。您可前往微信小程序-腾讯云助手：https://cloud_tencent_com/wechat/jumpWxa?path=%2Fpages%2Fbuy%2Fresource-bill%2Fresource-bill%3FbillMonth%3D2025-10&h5Url=https%3A%2F%2Fconsole_cloud_tencent_com%2Fexpense%2Fbill%2Foverview%3Fmonth%3D2025-10 ,查看消费详情。"
25202,1069287307550,2025-11-03T12:21:50.960320+08:00,202.0,,49.89,【腾讯云】尊敬的腾讯云用户，截至2025-11-03 12:21:43，您的账号（创建者账号ID：285*****，昵称：卡若）余额为49.89元，低于您设置的余额预警阈值。账户欠费后，您名下的按量计费资源将停止服务，请您及时充值或注意备份数据，以免影响云资源的正常使用。您可点击：https://mc.tencent.com/u2LKtQTd 进行充值。
25215,1069287307550,2025-11-04T10:03:08.050402+08:00,202.0,,42.41,【腾讯云】尊敬的腾讯云用户，截至2025-11-04 10:03:02，您的账号（创建者账号ID：285*****，昵称：卡若）余额为42.41元，低于您设置的余额预警阈值。账户欠费后，您名下的按量计费资源将停止服务，请您及时充值或注意备份数据，以免影响云资源的正常使用。您可点击：https://mc.tencent.com/u2LKtQTd 进行充值。
25210,9555801,2025-11-05T09:01:18.640864+08:00,,,,【中信银行】尊敬的客户您好！根据《企业银行结算账户管理办法》等相关监管规定及我行与贵单位签订的协议，贵单位*归喜数字*开立在我行的账户将于近期因连续三个月未对账被限制使用。请您尽快完成银企对账。如有操作问题，请联系开户行咨询。如已回签，请忽略此条短信。
25220,1069287307550,2025-11-05T10:04:14.015810+08:00,202.0,,32.2,【腾讯云】尊敬的腾讯云用户，截至2025-11-05 10:04:08，您的账号（创建者账号ID：285*****，昵称：卡若）余额为32.20元，低于您设置的余额预警阈值。账户欠费后，您名下的按量计费资源将停止服务，请您及时充值或注意备份数据，以免影响云资源的正常使用。您可点击：https://mc.tencent.com/u2LKtQTd 进行充值。
25221,106817412025121,2025-11-05T18:15:01.422958+08:00,202.0,,,【阔知网络】尊敬的客户您好，您的2025年10月教育云账单已经生成，请登录到教育云后台查看账单。若账户余额不足需补缴，请勿错过补缴期限，以免影响您网校教育云服务的正常使用
25229,1069287307550,2025-11-06T10:04:59.567227+08:00,202.0,,23.65,【腾讯云】尊敬的腾讯云用户，截至2025-11-06 10:04:53，您的账号（创建者账号ID：285*****，昵称：卡若）余额为23.65元，低于您设置的余额预警阈值。账户欠费后，您名下的按量计费资源将停止服务，请您及时充值或注意备份数据，以免影响云资源的正常使用。您可点击：https://mc.tencent.com/u2LKtQTd 进行充值。
25241,1069459129015369,2025-11-07T08:41:09.751518+08:00,328.0,,,"【农商银行】您好，我行授予您328000元，于11月15日停办，可用于日常消费，房屋装修，生意应急
回１查利息
回２确认金额
拒收请回复R"
25244,1069287307550,2025-11-07T10:05:52.346848+08:00,202.0,,15.09,【腾讯云】尊敬的腾讯云用户，截至2025-11-07 10:05:44，您的账号（创建者账号ID：285*****，昵称：卡若）余额为15.09元，低于您设置的余额预警阈值。账户欠费后，您名下的按量计费资源将停止服务，请您及时充值或注意备份数据，以免影响云资源的正常使用。您可点击：https://mc.tencent.com/u2LKtQTd 进行充值。
25261,1069287307550,2025-11-08T09:43:16.732302+08:00,285.0,,1.0,"【腾讯云】尊敬的用户，您的账号（账号ID：285*****，昵称：卡若） 设置为自动续费的资源，由于账户余额不足无法进行自动续费：
[即将到期]1个资源将在7天内到期：云服务器CVM（1），请保证余额充足，届时腾讯云将为您自动续费；
截止北京时间2025 - 11 - 08 09:21:20，当前账户余额6.04元，建议充值294.56元，余额充足时，将为您自动续费，充值请前往 https://mc.tencent.com/YdFAA8uN 
。
未设置自动续费的资源中：
[即将到期]1个资源将在1天内到期：轻量应用服务器（1），到期后资源将被停服；
续费请前往 https://mc.tencent.com/1V4z2KCj，如您已续费，请忽略该通知。 详情请查看站内信。"
25278,9555801,2025-11-08T22:34:56.956784+08:00,40.0,0405,796.0,【中信银行】贵公司尾号0405的中信账号于11月08日22:34，二代支付支出人民币2000.00元，当前余额为人民币79633.12元，对方户名：宋晴晴，对方账户尾号：2244。
25273,9555801,2025-11-08T22:38:02.557060+08:00,40.0,0405,795.0,【中信银行】贵公司尾号0405的中信账号于11月08日22:37，二代支付支出人民币33.90元，当前余额为人民币79599.22元，对方户名：王家垒，对方账户尾号：8377。
25262,9555801,2025-11-08T22:39:32.378522+08:00,40.0,0405,795.0,【中信银行】贵公司尾号0405的中信账号于11月08日22:39，二代支付支出人民币10.00元，当前余额为人民币79589.22元，对方户名：肖启全，对方账户尾号：9375。
25253,9555801,2025-11-08T22:41:29.550407+08:00,40.0,0405,775.0,【中信银行】贵公司尾号0405的中信账号于11月08日22:41，二代支付支出人民币2021.62元，当前余额为人民币77567.60元，对方户名：吉咪宇，对方账户尾号：4354。
25281,9555801,2025-11-08T22:42:28.653907+08:00,40.0,0405,771.0,【中信银行】贵公司尾号0405的中信账号于11月08日22:42，二代支付支出人民币460.00元，当前余额为人民币77107.60元，对方户名：吉咪宇，对方账户尾号：4354。
25250,9555801,2025-11-08T22:43:35.459511+08:00,40.0,0405,764.0,【中信银行】贵公司尾号0405的中信账号于11月08日22:43，二代支付支出人民币689.00元，当前余额为人民币76418.60元，对方户名：吉咪宇，对方账户尾号：4354。
25270,10685836902115014116,2025-11-09T08:58:17.480675+08:00,202.0,,,【滴滴出行】您2025-11-07 18:53:33的订单21.7元免密支付失败，滴滴将重试扣款，结果另行短信通知，敬请谅解。
25275,1069287307550,2025-11-09T09:43:10.560049+08:00,285.0,,1.0,"【腾讯云】尊敬的用户，您的账号（账号ID：285*****，昵称：卡若） 设置为自动续费的资源，由于账户余额不足无法进行自动续费：
[即将到期]1个资源将在7天内到期：云服务器CVM（1），请保证余额充足，届时腾讯云将为您自动续费；
截止北京时间2025 - 11 - 09 09:21:20，当前账户余额17.73元，建议充值282.87元，余额充足时，将为您自动续费，充值请前往 https://mc.tencent.com/YdFAA8uN 
。
未设置自动续费的资源中：
[即将停服]1个资源将在1天内停服：轻量应用服务器（1），停服后资源无法继续使用；
续费请前往 https://mc.tencent.com/1V4z2KCj，如您已续费，请忽略该通知。 详情请查看站内信。"
25279,9555801,2025-11-09T11:01:10.897597+08:00,40.0,0405,764.0,【中信银行】贵公司尾号0405的中信账号于11月09日11:01，行外转账转入存入人民币0.01元，当前余额为人民币76418.61元，对方户名：上海汇付支付备付金，对方账户尾号：0099。
25290,9555801,2025-11-10T09:05:16.228858+08:00,40.0,0405,564.0,【中信银行】贵公司尾号0405的中信账号于11月10日09:05，二代支付支出人民币20000.00元，当前余额为人民币56418.61元，对方户名：厦门存客宝科技有限公司，对方账户尾号：2292。
25318,1069287307550,2025-11-10T09:43:23.136463+08:00,285.0,,1.0,"【腾讯云】尊敬的用户，您的账号（账号ID：285*****，昵称：卡若） 设置为自动续费的资源，由于账户余额不足无法进行自动续费：
[即将到期]1个资源将在5天内到期：云服务器CVM（1），请保证余额充足，届时腾讯云将为您自动续费；
截止北京时间2025 - 11 - 10 09:21:21，当前账户余额9.1元，建议充值291.5元，余额充足时，将为您自动续费，充值请前往 https://mc.tencent.com/YdFAA8uN 
。
未设置自动续费的资源中：
[即将停服]1个资源将在1天内停服：轻量应用服务器（1），停服后资源无法继续使用；
续费请前往 https://mc.tencent.com/1V4z2KCj，如您已续费，请忽略该通知。 详情请查看站内信。"
25311,10686260997116453092,2025-11-11T09:43:33.472736+08:00,285.0,,1.0,"【腾讯云】尊敬的用户，您的账号（账号ID：285*****，昵称：卡若） 设置为自动续费的资源，由于账户余额不足无法进行自动续费：
[即将到期]1个资源将在5天内到期：云服务器CVM（1），请保证余额充足，届时腾讯云将为您自动续费；
截止北京时间2025 - 11 - 11 09:21:20，当前账户余额-1.01元，建议充值301.61元，余额充足时，将为您自动续费，充值请前往 https://mc.tencent.com/YdFAA8uN 
，如您已续费，请忽略该通知。
未设置自动续费的资源中：
[即将释放]1个资源已停服：轻量应用服务器（1），资源即将释放，释放前可在回收站找回资源，资源释放后数据无法找回； 详情请查看站内信。"
25302,10086,2025-11-11T16:46:29.021185+08:00,100.0,,11.0,【充值提醒】尊敬的全球通客户，您可以通过中国移动手机营业厅 https://dx.10086.cn/A/9BReDw 随时随地查询话费余额。您于11月11日16时46分缴费成功100.00元，当前账户总余额为5.97元，其中通用余额为5.97元，截至当前欠费0.00元，如遇月初下账期，余额变动较快，您也可拨打1008611进行余额查询。若您交清费用后仍无法上网或接打电话，请关开机后再使用。心级服务，期待您的10分满意！【中国移动】
25315,10086,2025-11-11T17:04:50.555526+08:00,202.0,2661,202.0,"【余额提醒】尊敬的客户，您好！截至2025年11月11日，您158****2661号码账户余额为5.97元。您是全球通金卡客户，可尊享延时停机、担保复机等信用保障权益。为避免停机给您带来的不便，建议您及时预存话费。快速充值请登录中国移动APP https://dx.10086.cn/A/7zebCA ,如已存费请忽略。了解话费、流量使用详情，可随时拨打1008611查询。【中国移动】"
25320,106888819170001443,2025-11-12T09:43:14.582596+08:00,285.0,,1.0,"【腾讯云】尊敬的用户，您的账号（账号ID：285*****，昵称：卡若） 设置为自动续费的资源，由于账户余额不足无法进行自动续费：
[即将到期]1个资源将在3天内到期：云服务器CVM（1），请保证余额充足，届时腾讯云将为您自动续费；
截止北京时间2025 - 11 - 12 09:21:21，当前账户余额191.99元，建议充值108.61元，余额充足时，将为您自动续费，充值请前往 https://mc.tencent.com/YdFAA8uN 
，如您已续费，请忽略该通知。
未设置自动续费的资源中：
[即将释放]1个资源已停服：轻量应用服务器（1），资源即将释放，释放前可在回收站找回资源，资源释放后数据无法找回； 详情请查看站内信。"
25336,10086,2025-11-14T09:04:31.983440+08:00,158.0,2661,,"【话费账单】尊敬的全球通金卡(158****2661)客户，您10月01日-10月31日共消费141.00元。
主要消费项目包括：
-套餐及固定费128.00元；
-增值业务费3.00元；
-其他费用10.00元。
查询费用详情，请点击https://dx.10086.cn/A/XnSDDw 通过中国移动APP查看，更多信息可详询10086。【中国移动】"
25391,1069287307650,2025-11-14T09:43:01.951307+08:00,285.0,,1.0,"【腾讯云】尊敬的用户，您的账号（账号ID：285*****，昵称：卡若） 设置为自动续费的资源，由于账户余额不足无法进行自动续费：
[即将到期]1个资源将在1天内到期：云服务器CVM（1），请保证余额充足，届时腾讯云将为您自动续费；
截止北京时间2025 - 11 - 14 09:21:22，当前账户余额173.47元，建议充值127.13元，余额充足时，将为您自动续费，充值请前往 https://mc.tencent.com/YdFAA8uN 
，如您已续费，请忽略该通知。
未设置自动续费的资源中：
[即将释放]1个资源已停服：轻量应用服务器（1），资源即将释放，释放前可在回收站找回资源，资源释放后数据无法找回； 详情请查看站内信。"
25386,10086,2025-11-14T14:08:20.628991+08:00,10.0,,,【心级服务 10分满意】尊敬的客户，您好！ 关于您咨询的问题，很抱歉刚才与您的通话意外中断，稍后会再次尝试与您联系，请您留意10086来电，或登陆中国移动APP https://dx.10086.cn/A/LiLBGg?sid=Vehe1lGnAMc 查询消费更安心。【中国移动】
25376,9555801,2025-11-15T13:02:44.095224+08:00,202.0,,,【中信银行】尊敬的客户您好！贵单位*归喜数字*2025年10月（电子/纸质）账单已生成，请及时回签，如遇操作问题，请联系开户行咨询。如已回签，请忽略此条短信。
25355,9555801,2025-11-15T13:50:43.993948+08:00,40.0,0405,556.0,【中信银行】贵公司尾号0405的中信账号于11月15日13:50，二代支付支出人民币800.00元，当前余额为人民币55618.61元，对方户名：厦门市优旸广告设计有限公司，对方账户尾号：5988。
25362,9555801,2025-11-16T16:26:44.680930+08:00,40.0,0405,536.0,【中信银行】贵公司尾号0405的中信账号于11月16日16:26，二代支付支出人民币2000.00元，当前余额为人民币53618.61元，对方户名：叶晓婷，对方账户尾号：8083。
25387,9555801,2025-11-16T16:29:41.143279+08:00,40.0,0405,500.0,【中信银行】贵公司尾号0405的中信账号于11月16日16:29，二代支付支出人民币3567.68元，当前余额为人民币50050.93元，对方户名：王家垒，对方账户尾号：8377。
25375,9555801,2025-11-16T16:34:34.063413+08:00,40.0,0405,499.0,【中信银行】贵公司尾号0405的中信账号于11月16日16:34，二代支付支出人民币67.30元，当前余额为人民币49983.63元，对方户名：王家垒，对方账户尾号：8377。
25365,9555801,2025-11-16T16:38:43.579548+08:00,40.0,0405,344.0,【中信银行】贵公司尾号0405的中信账号于11月16日16:38，二代支付支出人民币15579.00元，当前余额为人民币34404.63元，对方户名：厦门好帖云科技有限公司，对方账户尾号：0101。
25351,9555801,2025-11-16T16:42:47.682903+08:00,40.0,0405,263.0,【中信银行】贵公司尾号0405的中信账号于11月16日16:42，二代支付支出人民币8094.00元，当前余额为人民币26310.63元，对方户名：王名正，对方账户尾号：1514。
25341,9555801,2025-11-16T16:45:40.534508+08:00,40.0,0405,253.0,【中信银行】贵公司尾号0405的中信账号于11月16日16:45，二代支付支出人民币1000.00元，当前余额为人民币25310.63元，对方户名：肖启全，对方账户尾号：9375。
25372,9555801,2025-11-16T16:46:52.705995+08:00,40.0,0405,243.0,【中信银行】贵公司尾号0405的中信账号于11月16日16:46，二代支付支出人民币1000.00元，当前余额为人民币24310.63元，对方户名：陈雪蓉，对方账户尾号：4404。
25366,9555801,2025-11-16T16:49:00.690248+08:00,40.0,0405,238.0,【中信银行】贵公司尾号0405的中信账号于11月16日16:48，二代支付支出人民币500.00元，当前余额为人民币23810.63元，对方户名：谢超，对方账户尾号：4196。
25356,9555801,2025-11-16T16:52:57.647783+08:00,40.0,0405,218.0,【中信银行】贵公司尾号0405的中信账号于11月16日16:52，二代支付支出人民币2000.00元，当前余额为人民币21810.63元，对方户名：李嘉柔，对方账户尾号：4987。
25390,9555801,2025-11-16T16:56:03.769889+08:00,40.0,0405,168.0,【中信银行】贵公司尾号0405的中信账号于11月16日16:55，二代支付支出人民币5000.00元，当前余额为人民币16810.63元，对方户名：吉咪宇，对方账户尾号：4354。
25423,1069287307650,2025-11-19T11:21:48.157385+08:00,202.0,,49.58,【腾讯云】尊敬的腾讯云用户，截至2025-11-19 11:21:42，您的账号（创建者账号ID：285*****，昵称：卡若）余额为49.58元，低于您设置的余额预警阈值。账户欠费后，您名下的按量计费资源将停止服务，请您及时充值或注意备份数据，以免影响云资源的正常使用。您可点击：https://mc.tencent.com/u2LKtQTd 进行充值。
25416,9555801,2025-11-19T20:11:35.383547+08:00,40.0,0405,167.0,【中信银行】贵公司尾号0405的中信账号于11月19日20:11，二代支付支出人民币100.00元，当前余额为人民币16710.63元，对方户名：厦门市思明区佳乐多便利店，对方账户尾号：4312。
25412,9555801,2025-11-19T20:15:25.550323+08:00,40.0,0405,166.0,【中信银行】贵公司尾号0405的中信账号于11月19日20:15，二代支付支出人民币60.00元，当前余额为人民币16650.63元，对方户名：苑晓艳，对方账户尾号：2440。
25418,9555801,2025-11-19T20:24:16.942665+08:00,40.0,0405,167.0,【中信银行】贵公司尾号0405的中信账号于11月19日20:24，二代支付存入人民币60.00元，当前余额为人民币16710.63元，对方户名：苑晓艳，对方账户尾号：2440。
25409,9555801,2025-11-19T20:48:08.265913+08:00,40.0,0405,166.0,【中信银行】贵公司尾号0405的中信账号于11月19日20:48，二代支付支出人民币60.00元，当前余额为人民币16650.63元，对方户名：苑晓艳，对方账户尾号：2440。
25434,1069287307650,2025-11-20T10:03:07.763872+08:00,202.0,,37.65,【腾讯云】尊敬的腾讯云用户，截至2025-11-20 10:03:02，您的账号（创建者账号ID：285*****，昵称：卡若）余额为37.65元，低于您设置的余额预警阈值。账户欠费后，您名下的按量计费资源将停止服务，请您及时充值或注意备份数据，以免影响云资源的正常使用。您可点击：https://mc.tencent.com/u2LKtQTd 进行充值。
25431,10692326961501560077,2025-11-20T11:13:54.151513+08:00,0.0,,,【网商银行】网商企业码·因公付上线啦！员工个人支付宝消费可选企业秒付，0垫资0报销！快去PC网银-特色业务-配置因公使用规则！-拒收请回复R
25428,95588,2025-11-20T20:58:15.493621+08:00,716.0,,,"您正在申请激活工商银行手机借记卡（Apple Pay产品），短信验证码：716274,请在收到此信息后5分钟内激活卡片。激活后的Apple Pay产品消费将记入尾号为2606的借记卡。【工商银行】"
25440,1069287307650,2025-11-21T10:04:13.715676+08:00,202.0,,27.38,【腾讯云】尊敬的腾讯云用户，截至2025-11-21 10:04:06，您的账号（创建者账号ID：285*****，昵称：卡若）余额为27.38元，低于您设置的余额预警阈值。账户欠费后，您名下的按量计费资源将停止服务，请您及时充值或注意备份数据，以免影响云资源的正常使用。您可点击：https://mc.tencent.com/u2LKtQTd 进行充值。
25442,1069287307650,2025-11-22T10:04:56.023940+08:00,202.0,,17.07,【腾讯云】尊敬的腾讯云用户，截至2025-11-22 10:04:50，您的账号（创建者账号ID：285*****，昵称：卡若）余额为17.07元，低于您设置的余额预警阈值。账户欠费后，您名下的按量计费资源将停止服务，请您及时充值或注意备份数据，以免影响云资源的正常使用。您可点击：https://mc.tencent.com/u2LKtQTd 进行充值。
25447,106824745653718,2025-11-23T09:44:55.118952+08:00,,,,【数信普惠】郑志群由于长期失联，消费金融恶意拖欠欠款，我方将联系相关单位核实情况，超时未还后果自行承担，拒收请回复R
25446,10690544500023562,2025-11-23T10:06:26.140792+08:00,202.0,,5.27,【腾讯云】尊敬的腾讯云用户，截至2025-11-23 10:05:33，您的账号（创建者账号ID：285*****，昵称：卡若）余额为5.27元，低于您设置的余额预警阈值。账户欠费后，您名下的按量计费资源将停止服务，请您及时充值或注意备份数据，以免影响云资源的正常使用。您可点击：https://mc.tencent.com/u2LKtQTd 进行充值。
25463,9555801,2025-11-25T09:18:10.460004+08:00,40.0,0405,164.0,【中信银行】贵公司尾号0405的中信账号于11月25日09:18，二代支付支出人民币200.00元，当前余额为人民币16450.63元，对方户名：苑晓艳，对方账户尾号：2440。
25459,9555801,2025-11-25T09:20:24.035483+08:00,40.0,0405,164.0,【中信银行】贵公司尾号0405的中信账号于11月25日09:20，二代支付支出人民币40.00元，当前余额为人民币16410.63元，对方户名：肖诗玲，对方账户尾号：1378。
25470,9555801,2025-11-25T09:23:09.133446+08:00,40.0,0405,104.0,【中信银行】贵公司尾号0405的中信账号于11月25日09:23，二代支付支出人民币6000.00元，当前余额为人民币10410.63元，对方户名：吉咪宇，对方账户尾号：4354。
25469,9555801,2025-11-25T11:02:34.519770+08:00,202.0,,,【中信银行】尊敬的客户您好！贵单位*归喜数字*2025年10月（电子/纸质）账单已生成，请及时回签，如遇操作问题，请联系开户行咨询。如已回签，请忽略此条短信。
25465,106912095568,2025-11-25T15:32:29.666541+08:00,11.0,,,【民生银行】您人民币/美元账户信用卡11月账单：人民币应还-2500.00元、最低还款0.00元，本期账单无需还款。本账期无新增交易，您可下载全民生活APP搜“额度管理”查额度。详询客服
25473,9555801,2025-11-26T12:16:51.976422+08:00,40.0,0405,973.0,【中信银行】贵公司尾号0405的中信账号于11月26日12:16，二代支付支出人民币672.00元，当前余额为人民币9738.63元，对方户名：杭州万物优租网络科技有限公司，对方账户尾号：0412。
25477,9555801,2025-11-26T12:21:47.534858+08:00,40.0,0405,685.0,【中信银行】贵公司尾号0405的中信账号于11月26日12:21，二代支付支出人民币2879.32元，当前余额为人民币6859.31元，对方户名：吉咪宇，对方账户尾号：4354。
25501,9555801,2025-12-01T08:32:10.920840+08:00,40.0,0405,674.0,【中信银行】贵公司尾号0405的中信账号于12月01日02:10，银行收费（人民币转账-普通转账）支出人民币111.60元，当前余额为人民币6747.71元。
25516,9555801,2025-12-02T17:40:45.027298+08:00,40.0,0405,387.0,【中信银行】贵公司尾号0405的中信账号于12月02日17:40，TIPS转账支出人民币2875.40元，当前余额为人民币3872.31元，对方户名：待报解预算收入-TIPS缴税（国地税）专用账户，对方账户尾号：1001。
25513,9555801,2025-12-02T17:41:05.395431+08:00,40.0,0405,243.0,【中信银行】贵公司尾号0405的中信账号于12月02日17:41，TIPS转账支出人民币1436.26元，当前余额为人民币2436.05元，对方户名：待报解预算收入-TIPS缴税（国地税）专用账户，对方账户尾号：1001。
25512,1069287307650,2025-12-03T10:39:22.113024+08:00,285.0,,,"【腾讯云】尊敬的用户（账号ID：285*****，昵称：卡若 ），您好！ 您在腾讯云 2025-11 月度消费的总金额为802.24元=现金支付802.24元+赠送金支付0.00元+优惠券支付0.00元。注：此通知并非扣费或欠费通知，只作为告知您每个月的消费情况。您可前往微信小程序-腾讯云助手：https://mc.tencent.com/BGVa41Gz ,查看消费详情。"
25559,106933595558,2025-12-04T17:38:41.485576+08:00,85.0,,,【中信银行】您已获得85折利息券，戳 go.citicbank.com/i8RY 查看，有效期内使用，详询95558，拒收请回复R
25558,9555801,2025-12-05T17:31:27.521841+08:00,40.0,0405,272.0,【中信银行】贵公司尾号0405的中信账号于12月05日17:31，二代支付存入人民币288.00元，当前余额为人民币2724.05元，对方户名：厦门铸远税务师事务所有限公司，对方账户尾号：8248。
25568,9555801,2025-12-07T10:53:41.106166+08:00,40.0,0405,272.0,【中信银行】贵公司尾号0405的中信账号于12月07日10:53，行外转账转入存入人民币2.01元，当前余额为人民币2726.06元，对方户名：上海汇付支付备付金，对方账户尾号：0099。
25639,106817412025121,2025-12-12T16:06:23.253897+08:00,202.0,,,【阔知网络】尊敬的客户您好，您的2025年11月教育云账单已经生成，请登录到教育云后台查看账单。若账户余额不足需补缴，请勿错过补缴期限，以免影响您网校教育云服务的正常使用
25642,9555801,2025-12-12T20:23:26.155785+08:00,40.0,0405,252.0,【中信银行】贵公司尾号0405的中信账号于12月12日20:23，二代支付支出人民币200.00元，当前余额为人民币2526.06元，对方户名：苑晓艳，对方账户尾号：2440。
25646,9555801,2025-12-12T20:25:05.261271+08:00,40.0,0405,244.0,【中信银行】贵公司尾号0405的中信账号于12月12日20:24，二代支付支出人民币80.00元，当前余额为人民币2446.06元，对方户名：肖诗玲，对方账户尾号：1378。
25673,9555801,2025-12-15T13:00:36.468223+08:00,202.0,,,【中信银行】尊敬的客户您好！贵单位*归喜数字*2025年11月（电子/纸质）账单已生成，请及时回签，如遇操作问题，请联系开户行咨询。如已回签，请忽略此条短信。
25663,9555801,2025-12-15T13:36:17.919293+08:00,40.0,0405,177.0,【中信银行】贵公司尾号0405的中信账号于12月15日13:36，TIPS转账支出人民币669.60元，当前余额为人民币1776.46元，对方户名：待报解预算收入-TIPS缴税（国地税）专用账户，对方账户尾号：1001。
25688,10658225,2025-12-15T17:32:08.859824+08:00,,,,网络上以“投资导师”名义邀请您入群，并引导您将钱款转入外省对公账户，购买“内部股票”“虚拟币”“私募基金”的均为诈骗。让我们共同努力，守护你我“钱袋子”。【福建省公安厅 福建省通信管理局】
25680,9555801,2025-12-16T18:42:05.377369+08:00,40.0,0405,726.46,【中信银行】贵公司尾号0405的中信账号于12月16日18:42，二代支付支出人民币1050.00元，当前余额为人民币726.46元，对方户名：蔡淑琼，对方账户尾号：5218。
25716,9555801,2025-12-20T18:37:28.968435+08:00,40.0,0405,558.46,【中信银行】贵公司尾号0405的中信账号于12月20日18:37，二代支付支出人民币168.00元，当前余额为人民币558.46元，对方户名：叶倩如，对方账户尾号：4879。
25711,9555801,2025-12-20T18:40:15.915154+08:00,40.0,0405,270.46,【中信银行】贵公司尾号0405的中信账号于12月20日18:40，二代支付支出人民币288.00元，当前余额为人民币270.46元，对方户名：叶倩如，对方账户尾号：4879。
25717,9555801,2025-12-20T18:43:14.762103+08:00,40.0,0405,170.46,【中信银行】贵公司尾号0405的中信账号于12月20日18:43，二代支付支出人民币100.00元，当前余额为人民币170.46元，对方户名：厦门市思明区佳乐多便利店，对方账户尾号：4312。
25770,9555801,2025-12-25T10:00:47.272062+08:00,202.0,,,【中信银行】尊敬的客户您好！贵单位*归喜数字*2025年11月（电子/纸质）账单已生成，请及时回签，如遇操作问题，请联系开户行咨询。如已回签，请忽略此条短信。
25772,106939195568,2025-12-25T13:35:06.898235+08:00,12.0,,,【民生银行】您人民币/美元账户信用卡12月账单：人民币应还-2500.00元、最低还款0.00元，本期账单无需还款。本账期无新增交易，您可下载全民生活APP搜“额度管理”查额度。详询客服
25782,9555801,2025-12-26T18:31:25.746527+08:00,40.0,0405,376.19,【中信银行】贵公司尾号0405的中信账号于12月26日18:31，跨行转入存入人民币200.00元，当前余额为人民币376.19元，对方户名：吉咪宇，对方账户尾号：4354。
25776,9555801,2025-12-26T18:35:12.093134+08:00,40.0,0405,176.19,【中信银行】贵公司尾号0405的中信账号于12月26日18:35，二代支付支出人民币200.00元，当前余额为人民币176.19元，对方户名：董淑丹，对方账户尾号：2797。
25835,9555801,2025-12-31T17:55:11.800895+08:00,40.0,0405,200.0,【中信银行】贵公司尾号0405的中信账号于12月31日17:55，跨行转入存入人民币200000.00元，当前余额为人民币200176.19元，对方户名：厦门天职众成科技有限公司，对方账户尾号：4345。
25821,9555801,2025-12-31T18:06:11.566189+08:00,40.0,0405,300.0,【中信银行】贵公司尾号0405的中信账号于12月31日18:06，二代支付存入人民币100000.00元，当前余额为人民币300176.19元，对方户名：宋晴晴，对方账户尾号：2244。
25836,9555801,2025-12-31T18:13:30.932787+08:00,40.0,0405,280.0,【中信银行】贵公司尾号0405的中信账号于12月31日18:13，二代支付支出人民币20000.00元，当前余额为人民币280176.19元，对方户名：厦门存客宝科技有限公司，对方账户尾号：2292。
25832,9555801,2025-12-31T18:14:30.767644+08:00,40.0,0405,264.0,【中信银行】贵公司尾号0405的中信账号于12月31日18:14，二代支付支出人民币15636.00元，当前余额为人民币264540.19元，对方户名：厦门好帖云科技有限公司，对方账户尾号：0101。
25830,9555801,2025-12-31T18:18:02.296600+08:00,40.0,0405,258.0,【中信银行】贵公司尾号0405的中信账号于12月31日18:17，二代支付支出人民币5818.00元，当前余额为人民币258722.19元，对方户名：谢远志，对方账户尾号：9325。
25815,9555801,2025-12-31T18:19:45.436373+08:00,40.0,0405,258.0,【中信银行】贵公司尾号0405的中信账号于12月31日18:19，二代支付支出人民币90.00元，当前余额为人民币258632.19元，对方户名：谢远志，对方账户尾号：9325。
25819,9555801,2025-12-31T18:25:40.739014+08:00,40.0,0405,250.0,【中信银行】贵公司尾号0405的中信账号于12月31日18:25，二代支付支出人民币8158.00元，当前余额为人民币250474.19元，对方户名：王名正，对方账户尾号：1514。
25814,9555801,2025-12-31T18:29:17.434924+08:00,40.0,0405,249.0,【中信银行】贵公司尾号0405的中信账号于12月31日18:29，二代支付支出人民币1000.00元，当前余额为人民币249474.19元，对方户名：肖启全，对方账户尾号：9375。
25828,9555801,2025-12-31T18:30:52.651844+08:00,40.0,0405,248.0,【中信银行】贵公司尾号0405的中信账号于12月31日18:30，二代支付支出人民币1000.00元，当前余额为人民币248474.19元，对方户名：陈雪蓉，对方账户尾号：4404。
25826,9555801,2025-12-31T18:32:28.016678+08:00,40.0,0405,245.0,【中信银行】贵公司尾号0405的中信账号于12月31日18:32，二代支付支出人民币2727.00元，当前余额为人民币245747.19元，对方户名：王家垒，对方账户尾号：8377。
25825,9555801,2025-12-31T18:37:34.195453+08:00,40.0,0405,237.0,【中信银行】贵公司尾号0405的中信账号于12月31日18:37，二代支付支出人民币8572.57元，当前余额为人民币237174.62元，对方户名：郑耀伟，对方账户尾号：9487。
25818,9555801,2025-12-31T18:41:27.062539+08:00,40.0,0405,217.0,【中信银行】贵公司尾号0405的中信账号于12月31日18:41，二代支付支出人民币19500.00元，当前余额为人民币217674.62元，对方户名：陈家杰，对方账户尾号：7131。
25831,9555801,2025-12-31T18:42:53.739246+08:00,40.0,0405,207.0,【中信银行】贵公司尾号0405的中信账号于12月31日18:42，二代支付支出人民币10000.00元，当前余额为人民币207674.62元，对方户名：吉咪宇，对方账户尾号：4354。
25817,9555801,2025-12-31T18:47:25.850931+08:00,40.0,0405,187.0,【中信银行】贵公司尾号0405的中信账号于12月31日18:47，二代支付支出人民币20000.00元，当前余额为人民币187674.62元，对方户名：叶倩如，对方账户尾号：4879。
25848,9555801,2026-01-01T08:30:52.757917+08:00,40.0,0405,187.0,【中信银行】贵公司尾号0405的中信账号于01月01日03:16，银行收费（人民币转账-普通转账）支出人民币82.80元，当前余额为人民币187591.82元。
25850,9555801,2026-01-01T08:59:32.143357+08:00,40.0,0405,184.0,【中信银行】贵公司尾号0405的中信账号于01月01日08:59，TIPS转账支出人民币2872.52元，当前余额为人民币184719.30元，对方户名：待报解预算收入-TIPS缴税（国地税）专用账户，对方账户尾号：1001。
25840,9555801,2026-01-01T08:59:36.742286+08:00,40.0,0405,181.0,【中信银行】贵公司尾号0405的中信账号于01月01日08:59，TIPS转账支出人民币2873.96元，当前余额为人民币181845.34元，对方户名：待报解预算收入-TIPS缴税（国地税）专用账户，对方账户尾号：1001。
25856,9555801,2026-01-01T21:27:12.097752+08:00,40.0,0405,121.0,【中信银行】贵公司尾号0405的中信账号于01月01日21:27，二代支付支出人民币60000.00元，当前余额为人民币121845.34元，对方户名：厦门存客宝科技有限公司，对方账户尾号：2292。
25876,9555801,2026-01-03T01:05:29.833157+08:00,40.0,0405,106.0,【中信银行】贵公司尾号0405的中信账号于01月03日01:05，二代支付支出人民币15299.00元，当前余额为人民币106546.34元，对方户名：吉咪宇，对方账户尾号：4354。
25877,9555801,2026-01-03T01:05:56.747951+08:00,40.0,0405,103.0,【中信银行】贵公司尾号0405的中信账号于01月03日01:05，二代支付支出人民币3000.00元，当前余额为人民币103546.34元，对方户名：吉咪宇，对方账户尾号：4354。
25868,9555801,2026-01-04T20:11:19.756248+08:00,40.0,0405,102.0,【中信银行】贵公司尾号0405的中信账号于01月04日20:11，二代支付支出人民币900.00元，当前余额为人民币102646.34元，对方户名：厦门福剑祥茶业有限公司，对方账户尾号：5668。
25890,9555801,2026-01-05T18:03:10.842365+08:00,40.0,0405,102.0,【中信银行】贵公司尾号0405的中信账号于01月05日18:03，二代支付支出人民币38.88元，当前余额为人民币102607.46元，对方户名：肖启全，对方账户尾号：9375。
25904,106817412025121,2026-01-06T18:11:02.991079+08:00,202.0,,,【阔知网络】尊敬的客户您好，您的2025年12月教育云账单已经生成，请登录到教育云后台查看账单。若账户余额不足需补缴，请勿错过补缴期限，以免影响您网校教育云服务的正常使用
25918,+8618180828826,2026-01-07T16:15:57.701415+08:00,4.0,,,4季衣服这个淘宝店出嘛我收  不带支付宝 淘宝官方过户 可以当面交易先打款 3w
25931,9555801,2026-01-09T12:43:04.790891+08:00,40.0,0405,926.0,【中信银行】贵公司尾号0405的中信账号于01月09日12:42，二代支付支出人民币10000.00元，当前余额为人民币92607.46元，对方户名：吉咪宇，对方账户尾号：4354。
25951,10685836000111007095,2026-01-12T11:50:19.861559+08:00,1.0,,,【随星借】系统将于1月15日自动还款5491.86元，请确保工商银行(2606)余额充足，感谢您的支持。
25966,9555801,2026-01-12T20:16:20.382207+08:00,40.0,0405,659.0,【中信银行】贵公司尾号0405的中信账号于01月12日20:16，二代支付支出人民币26660.74元，当前余额为人民币65946.72元，对方户名：苏培玉，对方账户尾号：1517。
25965,9555801,2026-01-12T21:39:56.590730+08:00,40.0,0405,650.0,【中信银行】贵公司尾号0405的中信账号于01月12日21:39，二代支付支出人民币863.74元，当前余额为人民币65082.98元，对方户名：吉咪宇，对方账户尾号：4354。
25960,9555801,2026-01-12T21:40:42.611241+08:00,40.0,0405,620.0,【中信银行】贵公司尾号0405的中信账号于01月12日21:40，二代支付支出人民币3000.00元，当前余额为人民币62082.98元，对方户名：吉咪宇，对方账户尾号：4354。
25973,10685836000111007095,2026-01-14T11:50:02.188859+08:00,1.0,,,【随星借】系统将于1月15日自动还款5495.46元，请确保工商银行(2606)余额充足，感谢您的支持。
25976,9555801,2026-01-15T16:44:37.719349+08:00,40.0,0405,615.0,【中信银行】贵公司尾号0405的中信账号于01月15日16:44，TIPS转账支出人民币530.51元，当前余额为人民币61552.47元，对方户名：待报解预算收入-TIPS缴税（国地税）专用账户，对方账户尾号：1001。
25977,9555801,2026-01-15T19:22:17.188747+08:00,40.0,0405,613.0,【中信银行】贵公司尾号0405的中信账号于01月15日19:22，二代支付支出人民币240.00元，当前余额为人民币61312.47元，对方户名：董淑丹，对方账户尾号：2797。
25984,9555801,2026-01-15T19:24:24.487749+08:00,40.0,0405,598.0,【中信银行】贵公司尾号0405的中信账号于01月15日19:24，二代支付支出人民币1430.00元，当前余额为人民币59882.47元，对方户名：陈家杰，对方账户尾号：1337。
25981,9555801,2026-01-15T19:27:04.815241+08:00,40.0,0405,593.0,【中信银行】贵公司尾号0405的中信账号于01月15日19:27，二代支付支出人民币500.00元，当前余额为人民币59382.47元，对方户名：王杰，对方账户尾号：5282。
25974,9555801,2026-01-15T19:28:30.408591+08:00,40.0,0405,582.0,【中信银行】贵公司尾号0405的中信账号于01月15日19:28，二代支付支出人民币1089.40元，当前余额为人民币58293.07元，对方户名：肖启全，对方账户尾号：9375。
25988,9555801,2026-01-15T19:29:36.693576+08:00,40.0,0405,572.0,【中信银行】贵公司尾号0405的中信账号于01月15日19:29，二代支付支出人民币1000.00元，当前余额为人民币57293.07元，对方户名：陈雪蓉，对方账户尾号：4404。
25986,9555801,2026-01-15T19:31:17.236478+08:00,40.0,0405,515.0,【中信银行】贵公司尾号0405的中信账号于01月15日19:31，二代支付支出人民币5730.00元，当前余额为人民币51563.07元，对方户名：郑耀伟，对方账户尾号：9487。
25985,9555801,2026-01-15T19:37:20.677477+08:00,40.0,0405,354.0,【中信银行】贵公司尾号0405的中信账号于01月15日19:37，二代支付支出人民币16100.00元，当前余额为人民币35463.07元，对方户名：厦门好帖云科技有限公司，对方账户尾号：0101。
25979,9555801,2026-01-15T19:39:00.196227+08:00,40.0,0405,268.0,【中信银行】贵公司尾号0405的中信账号于01月15日19:38，二代支付支出人民币8567.68元，当前余额为人民币26895.39元，对方户名：王名正，对方账户尾号：1514。
25975,9555801,2026-01-15T19:45:58.423888+08:00,40.0,0405,220.0,【中信银行】贵公司尾号0405的中信账号于01月15日19:45，二代支付支出人民币4834.00元，当前余额为人民币22061.39元，对方户名：谢远志，对方账户尾号：9325。
25978,9555801,2026-01-15T19:59:14.331236+08:00,40.0,0405,215.0,【中信银行】贵公司尾号0405的中信账号于01月15日19:59，二代支付支出人民币500.00元，当前余额为人民币21561.39元，对方户名：谢超，对方账户尾号：4196。
25982,9555801,2026-01-15T20:00:16.771538+08:00,40.0,0405,195.0,【中信银行】贵公司尾号0405的中信账号于01月15日20:00，二代支付支出人民币2000.00元，当前余额为人民币19561.39元，对方户名：李嘉柔，对方账户尾号：4987。
25990,10694979961501560077,2026-01-16T10:28:12.253667+08:00,0.0,,,【网商银行】网商企业码·因公付上线啦！员工个人支付宝消费可选企业秒付，0垫资0报销！快去PC网银-特色业务-配置因公使用规则！-拒收请回复R
25998,95588,2026-01-16T15:42:42.961786+08:00,30.0,,,【工商银行】【工商银行“助商组合贷”助力实体经济】尊敬的客户，您的生意好帮手来啦！工商银行近期推出助商组合贷产品，额度最高30万，线上申请，操作便捷，利率优惠，随借随还，支持经营和消费两种用途，实际情况以最终审批为准。您可登录工商银行手机银行，搜索“助商组合贷”申办。如有疑问详询工行网点，回复TDYX退订。
26006,10685973614005060059,2026-01-18T03:21:10.352539+08:00,953.0,9532,53.5,【网商银行】泉州市卡若网络技术有限公司，尾号9532账户03:21转入0.99，余额53.50。
26011,9555801,2026-01-18T19:35:49.945016+08:00,40.0,0405,190.0,【中信银行】贵公司尾号0405的中信账号于01月18日19:35，二代支付支出人民币500.00元，当前余额为人民币19061.39元，对方户名：彭媛媛，对方账户尾号：8466。
26009,9555801,2026-01-18T19:37:34.576865+08:00,40.0,0405,110.0,【中信银行】贵公司尾号0405的中信账号于01月18日19:37，二代支付支出人民币8000.00元，当前余额为人民币11061.39元，对方户名：吉咪宇，对方账户尾号：4354。
26008,10685973614005060059,2026-01-19T03:21:10.143657+08:00,953.0,9532,55.48,【网商银行】泉州市卡若网络技术有限公司，尾号9532账户03:21转入1.98，余额55.48。
26020,10694979700000458576,2026-01-19T13:55:08.599969+08:00,3.0,,,【阿里云】尊敬的hi3*3，截至2026-01-19 13:54:53，您的剩余可用额度为2.480000元。根据您以往消费情况预测，剩余可用额度可能不足以支撑您未来15天的消费，为了避免欠费导致产品停止服务，请您及时充值。您可以登录阿里云官网查询账户可用额度信息和延停权益。
26036,10694156096201560077,2026-01-21T10:45:32.879992+08:00,0.0,,,【网商银行】网商企业码·因公付上线啦！员工个人支付宝消费可选企业秒付，0垫资0报销！快去PC网银-特色业务-配置因公使用规则！-拒收请回复R
26034,10658225,2026-01-21T20:01:50.840549+08:00,,,,凡是承诺“内幕消息、高额回报”的投资理财，都是诈骗！凡是网络兼职刷单的，都是诈骗！凡是陌生人要求寄送黄金现金的，都是诈骗！凡是自称“公检法”要求转账汇款的，都是诈骗！凡是先交“手续费、保证金”的网络贷款，都是诈骗！【福建省公安厅 福建省通信管理局】
26047,95017,2026-01-22T16:20:14.209593+08:00,535.0,,,【微信支付】验证码为535639，用于商户平台安全验证，5分钟内有效。若非本人操作，请忽略此消息。
26041,95017,2026-01-22T16:27:47.476988+08:00,364.0,,,【微信支付】验证码为364796，用于商户平台安全验证，5分钟内有效。若非本人操作，请忽略此消息。
26048,95017,2026-01-22T16:29:07.063909+08:00,873.0,,,【微信支付】验证码为873768，用于商户平台安全验证，5分钟内有效。若非本人操作，请忽略此消息。
26039,95017,2026-01-22T16:32:15.986548+08:00,977.0,,,【微信支付】验证码为977207，用于商户平台安全验证，5分钟内有效。若非本人操作，请忽略此消息。
26037,95017,2026-01-22T16:33:29.172024+08:00,959.0,,,【微信支付】验证码为959986，用于商户平台安全验证，5分钟内有效。若非本人操作，请忽略此消息。
26049,106947003185466,2026-01-22T17:40:35.569735+08:00,697.0,,,【福建省电子政务】（福建省数字身份管理服务平台公众侧）您正在登录厦门市人力资源和社会保障网上办事大厅，验证码697194，有效期5分钟，您正在进行身份验证操作。
26040,106575323666,2026-01-22T17:41:49.682341+08:00,562.0,,,【厦门人社局】您的校验码：5626，用于单位账号基本信息修改，如非本人操作，请忽略该短信。(厦门i就业公共服务平台)
26046,106575323666,2026-01-22T17:54:11.997340+08:00,917.0,,,【厦门人社局】您的校验码：9170，用于解除劳动关系提交，如非本人操作，请忽略该短信。(厦门i就业公共服务平台)
26064,10687284070000458630,2026-01-23T11:31:52.492960+08:00,3.0,,,【阿里云】尊敬的hi3*3，截至2026-01-23 11:31:37，您的剩余可用额度为1.220000元。根据您以往消费情况预测，剩余可用额度可能不足以支撑您未来7天的消费，为了避免欠费导致产品停止服务，请您及时充值。您可以登录阿里云官网查询账户可用额度信息和延停权益。
26065,106947003185466,2026-01-23T11:54:42.994989+08:00,495.0,,,【福建省电子政务】（福建省数字身份管理服务平台公众侧）您正在登录厦门市人力资源和社会保障网上办事大厅，验证码495320，有效期5分钟，您正在进行身份验证操作。
26051,106575323666,2026-01-23T11:55:58.967958+08:00,795.0,,,【厦门人社局】您的校验码：7952，用于单位账号基本信息修改，如非本人操作，请忽略该短信。(厦门i就业公共服务平台)
26050,106575323666,2026-01-23T12:30:02.025992+08:00,367.0,,,【厦门人社局】您的校验码：3672，用于就业登记提交，如非本人操作，请忽略该短信。(厦门i就业公共服务平台)
26055,95017,2026-01-23T15:03:04.737971+08:00,185.0,,,【微信支付】验证码为185898，用于商户平台安全验证，5分钟内有效。若非本人操作，请忽略此消息。
26073,10685807330561776,2026-01-24T06:56:35.249349+08:00,778.0,,,【Trae】验证码778727，用于手机验证码登录，5分钟内有效。验证码提供给他人可能导致账号被盗，请勿泄露，谨防被骗。
26074,10688314670000000183,2026-01-24T19:35:20.968077+08:00,346.0,,,【高德地图】验证码：3468，您正在登录高德账号，为避免账号泄露造成损失，请勿泄露验证码，您可前往<账号与安全>对账号进行管理
26069,10688314670000458630,2026-01-24T19:56:23.205044+08:00,3.0,,,【阿里云】尊敬的hi3*3，截至2026-01-24 19:56:07，您的剩余可用额度为0.680000元。根据您以往消费情况预测，剩余可用额度可能不足以支撑您未来3天的消费。为了避免欠费导致产品停止服务，请您及时充值。您可以登录阿里云官网查询账户可用额度信息和延停权益。
26075,106846511208145,2026-01-25T11:08:32.120259+08:00,784.0,,,【腾讯科技】784179（微信公众平台验证码，十分钟内有效）
26079,106920595568,2026-01-25T15:20:50.038020+08:00,1.0,,,【民生银行】您人民币/美元账户信用卡01月账单：人民币应还-2500.00元、最低还款0.00元，本期账单无需还款。本账期无新增交易，您可下载全民生活APP搜“额度管理”查额度。详询客服
26085,10694979700000458576,2026-01-25T20:49:52.888301+08:00,3.0,,,【阿里云】尊敬的hi3*3，截至2026-01-25 20:49:45，您的剩余可用额度为0.150000元。根据您以往的消费情况预测，剩余可用额度可能不足以支撑您未来1天的消费。为了避免欠费导致产品停止服务，请您及时充值。您可以登录阿里云官网查询账户可用额度信息和延停权益。
26090,10694979861505060059,2026-01-26T03:21:17.919784+08:00,953.0,9532,60.43,【网商银行】泉州市卡若网络技术有限公司，尾号9532账户03:21转入4.95，余额60.43。
26089,10691814700000458576,2026-01-26T05:53:43.839058+08:00,3.0,,,【阿里云】尊敬的hi3*3（账号ID：30991203 ）截至2026-01-26 05:53:34 ，可用额度为-0.01 元，您账号下的阿里云产品会有停机影响。为了不影响您产品正常使用，请您及时充值。您可以登录用户中心，查询欠费和账单详情
26102,10694979700000458576,2026-01-26T09:02:47.413257+08:00,3.0,,,【阿里云】尊敬的用户：您的账号hi3*3已产生欠费。您的延停额度为10.00元，目前已使用0.01元。延停额度用尽后，按量付费产品出账后均会立即进入停服处理流程。请您尽快充值结清欠费账单，以免欠费停服给您带来不必要的损失。您可以通过电脑端登录用户中心，查看明细账单。
26088,106947691404146,2026-01-26T09:49:05.320537+08:00,819.0,,,【腾讯科技】819347（微信公众平台验证码，十分钟内有效）
26086,+862167142660,2026-01-26T11:22:21.801485+08:00,369.0,,,【腾讯科技】验证码369407将用于微信封号复审提交资料时的手机号验证，请勿转发，若非本人操作请忽略该条短信。
26087,SMS,2026-01-26T11:25:32.989819+08:00,68.0,,,nu68
26082,SMS,2026-01-26T11:27:45.700430+08:00,55.0,,,nu55
26091,1068044759152889226,2026-01-26T11:56:40.673151+08:00,336.0,3368,,【腾讯科技】尊敬的用户，您好，该账号w****3368本次违规属实人工客服无法协助解除，该账号详细的违规情况和服务记录您可以点击“微信团队”给您下发的“微信安全提醒”查看，若临时限制，您可以根据页面提示自助解封。后续使用请您遵守微信使用规则，并规范个人行为，具体要求详见《微信个人账号使用规范》。
26094,SMS,2026-01-26T14:31:53.210779+08:00,98.0,,,nu98
26100,106846511208009,2026-01-26T14:45:08.840145+08:00,218.0,,,【腾讯科技】218633（微信公众平台验证码，十分钟内有效）
26101,10694979700000458576,2026-01-26T14:57:14.197518+08:00,3.0,,,【阿里云】尊敬的hi3*3（账号ID：30991203 ）截至2026-01-26 14:57:06 ，可用额度为-0.11 元，低于自动充值的阈值10.0 元，系统已自动扣款充值20.11 元，充值后可用额度为20.0 元。今日已自动充值1 次。
26081,106885401200630,2026-01-26T16:16:06.397846+08:00,6.0,,,【微信团队】尊敬的用户，您的微信小程序昵称：6-9点创业派对(APPID：wxb8bbb2b10dec74aa)的备案申请已收到，因未能联系到您核实相关信息，我们会在1小时内再次致电，请留意接听。
26108,106947003185466,2026-01-27T10:58:05.048035+08:00,179.0,,,【福建省电子政务】（福建省数字身份管理服务平台公众侧）您正在登录厦门市人力资源和社会保障网上办事大厅，验证码179708，有效期5分钟，您正在进行身份验证操作。
26104,95588,2026-01-27T15:26:52.143775+08:00,202.0,,,【工商银行】温馨提示：中国人民银行于2025年12月22日宣布实施一次性信用修复政策。对于2020年1月1日至2025年12月31日期间，单笔金额不超过1万元人民币的个人逾期信息，个人于2026年3月31日（含）前足额偿还逾期债务的，央行征信系统将不予展示。如您在中国工商银行有逾期欠款未结清，建议您尽快还清。如已还清请忽略。
26118,95017,2026-01-28T16:03:30.221846+08:00,993.0,,,【微信支付】验证码为993957，用于商户平台安全验证，5分钟内有效。若非本人操作，请忽略此消息。
26122,95017,2026-01-28T16:05:28.630153+08:00,647.0,,,【微信支付】验证码为647277，用于商户平台安全验证，5分钟内有效。若非本人操作，请忽略此消息。
26129,95017,2026-01-29T15:12:48.559423+08:00,649.0,,,【微信支付】验证码为649548，用于商户平台安全验证，5分钟内有效。若非本人操作，请忽略此消息。
26126,95017,2026-01-29T15:14:19.379496+08:00,246.0,,,【微信支付】验证码为246244，用于商户平台安全验证，5分钟内有效。若非本人操作，请忽略此消息。
26138,95017,2026-01-29T15:15:37.401900+08:00,497.0,,,【微信支付】验证码为497807，用于商户平台安全验证，5分钟内有效。若非本人操作，请忽略此消息。
26127,95017,2026-01-29T15:31:04.852009+08:00,906.0,,,【微信支付】验证码为906284，用于商户平台安全验证，5分钟内有效。若非本人操作，请忽略此消息。
26134,10694979700000000226,2026-01-29T19:41:08.937396+08:00,117.0,,,【闲鱼】117272（验证码仅用于您本人进行登录校验）。别人包括客服要验证码是骗子，会导致钱财账号被盗。
26132,1068174115002557,2026-01-29T21:16:28.721536+08:00,356.0,,,【成都宽邦】感谢您使用 BigQuant，您的验证码是 356098 (该验证码10分钟内有效，请勿泄漏于他人)
26136,9555801,2026-01-29T22:18:22.963973+08:00,40.0,0405,108.0,【中信银行】贵公司尾号0405的中信账号于01月29日22:18，二代支付支出人民币240.00元，当前余额为人民币10821.39元，对方户名：董淑丹，对方账户尾号：2797。
26144,10686680008635050059,2026-01-30T03:21:15.925086+08:00,953.0,9532,259.33,【网商银行】泉州市卡若网络技术有限公司，尾号9532账户03:21转入3.96，余额259.33。
26142,10684603995351,2026-01-30T11:13:41.422795+08:00,,,,【湘财证券】湘财百宝箱（手机版APP）--交易（登录资金账号进去）--交易界面最下面有个业务办理--进入业务办理找金刚钻--进去选BigTrader--按照提示一步步往下进行操作
26166,10658225,2026-01-30T14:31:53.043574+08:00,,,,凡是接到自称快递、电商、培训机构或贷款催收平台人员的电话或短信，并要求您下载“屏幕共享”功能软件的均为诈骗。手机屏幕内容共享，容易导致银行账户、验证码等隐私信息泄露，造成财产损失。让我们共同努力，守护你我“钱袋子”。【福建省公安厅 福建省通信管理局】
26147,10690090,2026-01-30T22:07:03.187620+08:00,424.0,,,【新浪网】您的验证码是：424344，请在10分钟内完成验证。
26165,10694979861505060059,2026-01-31T03:21:09.759406+08:00,953.0,9532,260.32,【网商银行】泉州市卡若网络技术有限公司，尾号9532账户03:21转入0.99，余额260.32。
26157,95017,2026-01-31T10:56:38.360486+08:00,46.0,,,【微信支付】验证码为046978，用于商户平台安全验证，5分钟内有效。若非本人操作，请忽略此消息。
26155,95017,2026-01-31T10:57:21.989595+08:00,325.0,,,【微信支付】验证码为325950，用于商户平台安全验证，5分钟内有效。若非本人操作，请忽略此消息。
26151,SMS,2026-01-31T16:29:44.169085+08:00,31.0,,,nu31
26145,9555801,2026-01-31T19:58:33.515110+08:00,40.0,0405,782.0,【中信银行】贵公司尾号0405的中信账号于01月31日19:58，二代支付支出人民币3000.00元，当前余额为人民币7821.39元，对方户名：李冰，对方账户尾号：6876。
26177,10683861220000010376,2026-01-31T21:07:40.346640+08:00,303.0,,,【Trae】验证码303772，用于手机验证码登录，5分钟内有效。验证码提供给他人可能导致账号被盗，请勿泄露，谨防被骗。
26192,10694979861505060059,2026-02-01T01:33:53.676501+08:00,953.0,9532,274.09,【网商银行】泉州市卡若网络技术有限公司，尾号9532账户01:33转入13.77，余额274.09。
26169,9555801,2026-02-01T08:32:16.056485+08:00,40.0,0405,772.0,【中信银行】贵公司尾号0405的中信账号于02月01日04:04，银行收费（人民币转账-普通转账）支出人民币100.80元，当前余额为人民币7720.59元。
26190,10694912380000029221,2026-02-01T10:24:46.012402+08:00,951.0,,,【网商银行】尊敬的郑志群:您的贷款已逾期，按规定需要将逾期记录报送至金融信用信息基础数据库（人行征信系统），如有疑问请联系95188-3。
26182,SMS,2026-02-01T17:45:43.651943+08:00,1.0,,,1
26189,10688766077266,2026-02-01T17:47:21.083992+08:00,517.0,,,【腾讯科技】验证码 517331 用于QQ邮箱身份验证，3分钟内有效，请勿泄露和转发。如非本人操作，请忽略此短信。
26173,SMS,2026-02-01T17:47:59.682075+08:00,100.0,,,1009
26176,106575322601,2026-02-02T10:26:04.769456+08:00,,,,【厦门市文旅局】海上花园乐动厦门欢迎您！文明旅游，安全出行，谨防低价游购物陷阱，请勿轻信他人旅游消费推荐，文旅资讯请关注“厦门文旅”公众号。
26170,1068787093340233116,2026-02-02T12:12:52.763299+08:00,,,,【好分期】郑志群您好，您在平台违约事实认定符合司法诉讼条件，将开展流程。如您有困难可申请协商，工作人员与你联系沟通，需协商沟通请回A，或请致电全国客服热线，也可以登录好分期APP通过在线客服进行反馈。拒收请回复R
26191,10686111442601,2026-02-02T12:25:25.182773+08:00,233.0,,,【谷歌信息】G-233170 是您的 Google 验证码。请勿与任何人分享此码。
26196,12381,2026-02-02T17:38:08.250730+08:00,,,,【工业和信息化部】尊敬的用户郑志群，您的备案信息已被变更，详情请咨询您的接入服务提供商。【工信部ICP备案】
26208,9555801,2026-02-03T08:32:35.170388+08:00,40.0,0405,762.0,【中信银行】贵公司尾号0405的中信账号于02月03日04:00，银行收费（数字证书年费）支出人民币100.00元，当前余额为人民币7620.59元。
26221,10694979861505060059,2026-02-04T03:21:16.800331+08:00,953.0,9532,275.08,【网商银行】泉州市卡若网络技术有限公司，尾号9532账户03:21转入0.99，余额275.08。
26232,106812863500967717,2026-02-04T10:04:55.288288+08:00,,,,【好分期】郑志群，好分期平台贷款合同经审查符合司法诉讼条件，如调解期间未能达成诉前和解还款，将启动司法诉讼程序，调解回A，拒收请回复R
26216,123660,2026-02-04T15:06:48.902211+08:00,,,,【中国税务】您的股权转让信息税务机关受理不通过，请及时通过自然人电子税务局网页版查看相关信息。
26212,SMS,2026-02-04T15:53:00.040810+08:00,37.0,,,nu37
26229,SMS,2026-02-04T15:53:15.901835+08:00,72.0,,,nu72
26231,123660,2026-02-04T16:11:14.541472+08:00,,,,【中国税务】您的股权转让信息税务机关受理不通过，请及时通过自然人电子税务局网页版查看相关信息。
26210,9555801,2026-02-04T18:31:05.057973+08:00,40.0,0405,372.0,【中信银行】贵公司尾号0405的中信账号于02月04日18:31，二代支付支出人民币3900.00元，当前余额为人民币3720.59元，对方户名：宋建英，对方账户尾号：0918。
26226,9555801,2026-02-04T18:33:55.039562+08:00,40.0,0405,362.0,【中信银行】贵公司尾号0405的中信账号于02月04日18:33，二代支付支出人民币100.00元，当前余额为人民币3620.59元，对方户名：厦门市思明区佳乐多便利店，对方账户尾号：4312。
26228,9555801,2026-02-04T18:35:15.625608+08:00,40.0,0405,562.0,【中信银行】贵公司尾号0405的中信账号于02月04日18:35，跨行转入存入人民币2000.00元，当前余额为人民币5620.59元，对方户名：吉咪宇，对方账户尾号：4354。
26230,9555801,2026-02-04T18:35:57.918043+08:00,40.0,0405,620.59,【中信银行】贵公司尾号0405的中信账号于02月04日18:35，二代支付支出人民币5000.00元，当前余额为人民币620.59元，对方户名：谢佳蓉，对方账户尾号：6742。
26260,1068625128041367759,2026-02-04T20:37:34.668358+08:00,621.0,,,【抖音开放平台】验证码6215，用于手机验证码登录，5分钟内有效。验证码提供给他人可能导致账号被盗，请勿泄露，谨防被骗。
26253,10683220100036025,2026-02-04T20:46:50.143131+08:00,765.0,,,【抖音开放平台】验证码7651，用于手机验证码登录，5分钟内有效。验证码提供给他人可能导致账号被盗，请勿泄露，谨防被骗。
26262,1068940250018050,2026-02-04T22:41:47.031395+08:00,604.0,,,【网心云】验证码：604787，可用于登录，5分钟内有效；如非您本人操作，请忽略。
26246,1069163304053901,2026-02-04T22:42:02.564573+08:00,3.0,,,【网心云】恭喜您获得3张加成卡，您可前往「网心云app-我的-权益」查看与使用，过期失效，请尽快使用哦！
26235,10687545460506377452,2026-02-04T22:42:48.017511+08:00,632.0,,,【深圳甜糖科技有限公司】您正在进行手机号验证，验证码为：632509，为保障帐户安全，请勿向任何人提供此验证码，该验证码5分钟有效。
26264,1068111496974095,2026-02-04T22:51:33.470926+08:00,5.0,,,【网心云】验证码：005188，可用于登录，5分钟内有效；如非您本人操作，请忽略。
26242,10687545460506377452,2026-02-04T22:55:01.343942+08:00,59.0,,,【深圳甜糖科技有限公司】您正在进行手机号验证，验证码为：059566，为保障帐户安全，请勿向任何人提供此验证码，该验证码5分钟有效。
26258,10694979861505060059,2026-02-05T03:21:09.720495+08:00,953.0,9532,576.4,【网商银行】泉州市卡若网络技术有限公司，尾号9532账户03:21转入8.91，余额576.40。
26234,1069287390000158,2026-02-05T09:42:26.033904+08:00,285.0,,,【腾讯云】尊敬的用户，您（账号ID：285*****，昵称：卡若）的资源：云数据库MySQL （资源ID:cdb-lgdrw80x）已自动续费成功， 详情请查看站内信。
26244,+8613779954946,2026-02-05T22:20:37.751674+08:00,,,,你好   
26247,10680764370000000183,2026-02-05T22:31:20.107950+08:00,202.0,,,【高德地图】验证码：2023，您正在登录高德账号，为避免账号泄露造成损失，请勿泄露验证码，您可前往<账号与安全>对账号进行管理
26263,10680764370000000183,2026-02-05T22:32:24.650073+08:00,202.0,,,【高德地图】验证码：2023，您正在登录高德账号，为避免账号泄露造成损失，请勿泄露验证码，您可前往<账号与安全>对账号进行管理
26240,10680764370000000183,2026-02-05T22:57:56.797013+08:00,590.0,,,【高德地图】验证码：5906，您正在登录高德账号，为避免账号泄露造成损失，请勿泄露验证码，您可前往<账号与安全>对账号进行管理
26267,10694979861505060059,2026-02-06T03:21:10.301094+08:00,953.0,9532,569.47,【网商银行】泉州市卡若网络技术有限公司，尾号9532账户03:21转入2.97，余额569.47。
26266,1008610020034742,2026-02-06T08:31:33.766807+08:00,5.0,,,"尊敬的移动客户，您好！为了让苹果手机在5G覆盖区域获得最佳上网性能，我们建议您打开“启用5G”设置。步骤：进入""设置""-""蜂窝移动网络""-""蜂窝数据选项""-""语音与数据""，选择""启用5G""，不同苹果版本设置路径略有不同。启用后，您的手机将始终优先连接5G，您将获得更高速度、更低延迟的网络体验。我们百分努力，只为您10分满意，回复本条短信“10”，即有机会领取5个G国内流量。（接收和回复本信息均免费，未在72小时内回复或不回复均无法领取）【中国移动】"
26275,10680545009631560077,2026-02-06T10:17:18.137782+08:00,176.0,,,"【网商银行】网商银行批量代发二重礼待领取，最高176元红包，立即进入""支付宝-我的-网商银行""企业版查看-拒收请回复R"
26274,106931619310524,2026-02-06T16:23:08.273720+08:00,5.9,,,【卡易信】新春钜惠限时活动开启！v5.9.5新版同步上线，涵盖商城建站活动/加盟合作商专享礼，更新活动详情关注公众号.拒收请回复R
26282,106863572,2026-02-06T20:30:10.398168+08:00,269.0,,,【东方财富】动态码：269138，5分钟内有效。此动态码用于东方财富通行证账号登录验证。如非本人操作，请忽略或致电客服。
26278,SMS,2026-02-07T09:45:22.455767+08:00,29.0,,,注册微信29
26283,+862166440371,2026-02-07T09:48:44.837208+08:00,745.0,,,【腾讯科技】你的微信正在绑定或验证手机号，验证码745006。转发可能导致账号被盗。
26277,10687807120251246,2026-02-07T10:31:13.973157+08:00,,,,【和信普惠】郑志群，名下欠款现已展开全面核查，期间若对您生活、工作、家 庭造成任何影响损失将自行承担，立即还款终止，协商回Y，拒收请回复R
26284,+8615075832357,2026-02-07T16:03:00.100502+08:00,,,,"郑志群，一身债不会有好运气，每天被追债，现在咬咬牙把这点小钱还了，无债好运来，现在协商
本金还款，销账之后可开具结清证明，优化征信。"
26288,1069388450000002463,2026-02-07T17:39:40.460468+08:00,2.0,,,【腾讯科技】你正在「登录QQ2*****68」，验证码113046。提供给他人会导致QQ被盗和资产损失，若非本人操作，请修改密码。
26291,1069287390000158,2026-02-08T09:42:31.016570+08:00,285.0,,163.14,"【腾讯云】尊敬的用户，您（账号ID：285*****，昵称：卡若）的自动续费资源：云服务器CVM（资源ID:ins-aw0tnqjo, 外网IP:43_139_27_93, 内网IP:172_16_32_2, 实例名称:KR）将于2026-02-15 10:46:27到期，仅剩7天。资源到期后将在1天后停止服务，逾期仍未续费资源将会被释放，释放后数据不可恢复。当前账户余额163.14元，请保证账户余额充足，以便腾讯云为您的资源进行续费。详情请见邮件和站内信。"
26286,95568,2026-02-08T13:12:07.890071+08:00,359.0,,,【民生银行】短信验证码：359128，您正在使用中国民生银行开放服务平台进行登录操作，请及时输入。为保障您的账号安全，请勿泄露。
26289,95568,2026-02-08T13:13:38.267192+08:00,783.0,,,【民生银行】短信验证码：783460，您正在使用中国民生银行开放服务平台进行登录操作，请及时输入。为保障您的账号安全，请勿泄露。
26297,106861923100007832,2026-02-09T10:00:12.756378+08:00,3.0,,,【抖音开放平台】您好，您的小程序「万推发布」已创建超过3天，您可登录平台在「控制台-小程序应用-总览」查看开发指引。若有疑问，您可登录平台提交工单咨询。
26292,10658225,2026-02-09T11:43:40.312346+08:00,,,,凡是承诺“内幕消息、高额回报”的投资理财，都是诈骗！凡是网络兼职刷单的，都是诈骗！凡是客服主动联系退款、索要验证码的，都是诈骗！凡是陌生人要求开启“共享屏幕”的，都是诈骗！凡是没有金融监管部门许可的投资平台，都是诈骗！【福建省公安厅 福建省通信管理局】
26304,9555801,2026-02-09T18:50:49.725318+08:00,40.0,0405,162.0,【中信银行】贵公司尾号0405的中信账号于02月09日18:50，跨行转入存入人民币1000.00元，当前余额为人民币1620.59元，对方户名：吉咪宇，对方账户尾号：4354。
26306,9555801,2026-02-09T18:51:11.777033+08:00,40.0,0405,811.47,【中信银行】贵公司尾号0405的中信账号于02月09日18:51，TIPS转账支出人民币809.12元，当前余额为人民币811.47元，对方户名：待报解预算收入-TIPS缴税（国地税）专用账户，对方账户尾号：1001。
26302,1069287390000158,2026-02-10T09:42:35.326836+08:00,285.0,,141.86,"【腾讯云】尊敬的用户，您（账号ID：285*****，昵称：卡若）的自动续费资源：云服务器CVM（资源ID:ins-aw0tnqjo, 外网IP:43_139_27_93, 内网IP:172_16_32_2, 实例名称:KR）将于2026-02-15 10:46:27到期，仅剩5天。资源到期后将在1天后停止服务，逾期仍未续费资源将会被释放，释放后数据不可恢复。当前账户余额141.86元，请保证账户余额充足，以便腾讯云为您的资源进行续费。详情请见邮件和站内信。"
26307,95017,2026-02-10T10:25:12.402300+08:00,342.0,,,【微信支付】验证码为342981，用于商户平台安全验证，5分钟内有效。若非本人操作，请忽略此消息。
26308,95017,2026-02-10T10:26:13.264054+08:00,8.0,,,【微信支付】验证码为008501，用于商户平台安全验证，5分钟内有效。若非本人操作，请忽略此消息。
26303,95017,2026-02-10T10:26:38.808232+08:00,94.0,,,【微信支付】验证码为094463，用于商户平台安全验证，5分钟内有效。若非本人操作，请忽略此消息。
